{
    "Version": "2012-10-17",
    "Statement": [
        {
            "Sid": "Policy1",
            "Effect": "Allow",
            "Action": [
                "cloudformation:CancelUpdateStack",
                "cloudformation:DetectStackDrift",
                "cloudformation:UpdateStackInstances",
                "cloudformation:ListStackSetOperations",
                "cloudformation:ListStackInstances",
                "cloudformation:UpdateTerminationProtection",
                "cloudformation:DescribeStackResource",
                "cloudformation:CreateChangeSet",
                "cloudformation:UpdateStackSet",
                "cloudformation:CreateStackInstances",
                "cloudformation:DeleteChangeSet",
                "cloudformation:DeleteStack",
                "cloudformation:ContinueUpdateRollback",
                "cloudformation:DetectStackResourceDrift",
                "cloudformation:ListStackSetOperationResults",
                "cloudformation:DescribeStackEvents",
                "cloudformation:DescribeStackSetOperation",
                "cloudformation:UpdateStack",
                "cloudformation:StopStackSetOperation",
                "cloudformation:DescribeChangeSet",
                "cloudformation:ExecuteChangeSet",
                "cloudformation:ListStackResources",
                "cloudformation:SetStackPolicy",
                "cloudformation:DescribeStackInstance",
                "cloudformation:DescribeStackResources",
                "cloudformation:SignalResource",
                "cloudformation:GetTemplateSummary",
                "cloudformation:DescribeStacks",
                "cloudformation:DescribeStackResourceDrifts",
                "cloudformation:GetStackPolicy",
                "cloudformation:DescribeStackSet",
                "cloudformation:ListStackSets",
                "cloudformation:CreateStack",
                "cloudformation:GetTemplate",
                "cloudformation:ListChangeSets"
            ],
             "Resource": [
                    "arn:aws-cn:cloudformation:*:*:stack/StackSet-NVSGISGLB-STACKSET-EXECPOLICY-PGB01-*",
                    "arn:aws-cn:cloudformation:*:*:stack/StackSet-NVSGISGLB-IAM-RDRADEV-PREWARMING-*",
                    "arn:aws-cn:cloudformation:*:*:stack/StackSet-NVSGISGLB-IAM-RDRAPGB-PREWARMING-*",
                    "arn:aws-cn:cloudformation:*:*:stack/StackSet-NVSGISGLB-IAM-RSSDEV-PREWARMING-*"
             ]
        },
        {
            "Sid": "Policy2",
            "Effect": "Allow",
            "Action": [
                "sns:ListTagsForResource",
                "sns:ListSubscriptionsByTopic",
                "sns:GetTopicAttributes",
                "sns:CreatePlatformApplication",
                "sns:CreateTopic",
                "sns:ListTopics",
                "sns:GetPlatformApplicationAttributes",
                "sns:CreatePlatformEndpoint",
                "sns:SetTopicAttributes",
                "sns:GetSubscriptionAttributes",
                "sns:ListSubscriptions",
                "sns:AddPermission",
                "sns:CheckIfPhoneNumberIsOptedOut",
                "sns:ListPhoneNumbersOptedOut",
                "sns:ListEndpointsByPlatformApplication",
                "sns:GetEndpointAttributes",
                "sns:SetSubscriptionAttributes",
                "sns:Publish",
                "sns:Subscribe",
                "sns:ConfirmSubscription",
                "sns:ListPlatformApplications",
                "sns:GetSMSAttributes",
                "sns:RemovePermission"
            ],
            "Resource": "*"
        },
        {
            "Sid": "Policy3",
            "Effect": "Allow",
            "Action": [
                "s3:PutObject",
                "s3:GetObject",
                "s3:CreateBucket",
                "s3:ListBucket"
            ],
            "Resource": "arn:aws-cn:s3:::cf-templates*"
        },
        {
            "Sid": "Policy4",
            "Effect": "Allow",
            "Action": [
                "iam:CreatePolicy",
                "iam:AttachRolePolicy",
                "iam:GetPolicy",
                "iam:CreatePolicyVersion",
                "iam:ListPolicyVersions",
                "iam:DeletePolicyVersion"
            ],
            "Resource": [
                "arn:aws-cn:iam::$ACCNUM:policy/PRCCCNAWSCFNSTACKSETDEVGBEXECUTIONID02",
                "arn:aws-cn:iam::$ACCNUM:policy/PRCCCNAWSCFNSTACKSETDEVRDRAIAMAPPEXEC",
                "arn:aws-cn:iam::$ACCNUM:policy/PRCCCNAWSCFNSTACKSETDEVRSSIAMAPPEXEC",
                "arn:aws-cn:iam::$ACCNUM:policy/PRCCCNAWSCFNSTACKSETPGBRDRAIAMAPPEXEC",
                "arn:aws-cn:iam::$ACCNUM:policy/PRCCCNAWSCFNSTACKSETPGBRSSIAMAPPEXEC",
                "arn:aws-cn:iam::$ACCNUM:policy/PRCCCNAWSCFNSTACKSETDEVRSAPIAMAPPEXEC",
                "arn:aws-cn:iam::$ACCNUM:policy/PRCCCNAWSCFNSTACKSETDEVRAAIAMAPPEXEC",
                "arn:aws-cn:iam::$ACCNUM:policy/PRCCCNAWSCFNSTACKSETPGBRSAPIAMAPPEXEC",
                "arn:aws-cn:iam::$ACCNUM:policy/PRCCCNAWSCFNSTACKSETPGBRAAIAMAPPEXEC",
                "arn:aws-cn:iam::$ACCNUM:policy/PRCCCNAWSRDRAADM",
                "arn:aws-cn:iam::$ACCNUM:policy/PRCCCNAWSRSSADM",
                "arn:aws-cn:iam::$ACCNUM:policy/PCTRCNAWSCTRLGS",
                "arn:aws-cn:iam::$ACCNUM:policy/PRCCCNAWSIAMMASTER",
                "arn:aws-cn:iam::$ACCNUM:policy/PRCCCNAWSQUALYSCONN"
            ]
        },
        {
            "Sid": "Policy5",
            "Effect": "Allow",
            "Action": [
                "iam:CreateRole",
                "iam:GetRole",
                "iam:DeleteRole",
                "iam:UpdateRole",
                "iam:DetachRolePolicy",
                "iam:TagRole",
                "iam:UntagRole",
                "iam:AttachRolePolicy"
            ],
            "Resource": [
                "arn:aws-cn:iam::$ACCNUM:role/RRCCCN_AWS_RDRAADM",
                "arn:aws-cn:iam::$ACCNUM:role/RRCCCN_AWS_RDRA_ADM",
                "arn:aws-cn:iam::$ACCNUM:role/RRCCCN_AWS_RSSADM",
                "arn:aws-cn:iam::$ACCNUM:role/RRCCCN_AWS_RSS_ADM",
                "arn:aws-cn:iam::$ACCNUM:role/RCTRCN_AWS_CTRLGS",
                "arn:aws-cn:iam::$ACCNUM:role/RRCCCN_AWS_IAMMASTER",
                "arn:aws-cn:iam::$ACCNUM:role/RRCCCN_AWS_QUALYSCONN",
                "arn:aws-cn:iam::$ACCNUM:role/RRCCCN_AWS_INVENTORY",
                "arn:aws-cn:iam::$ACCNUM:role/RRCCCN_AWS_CFNSTACKSETDEVGBEXECUTION",
                "arn:aws-cn:iam::$ACCNUM:role/RRCCCN_AWS_CFNSTACKSET*IAMAPPEXEC"
            ]
        }
    ]
}
