{
    "Version": "2012-10-17",
    "Statement": [
        {
            "Sid": "Policy1",
            "Effect": "Allow",
            "Action": [
                "cloudformation:CancelUpdateStack",
                "cloudformation:DetectStackDrift",
                "cloudformation:UpdateStackInstances",
                "cloudformation:ListStackSetOperations",
                "cloudformation:ListStackInstances",
                "cloudformation:UpdateTerminationProtection",
                "cloudformation:DescribeStackResource",
                "cloudformation:CreateChangeSet",
                "cloudformation:UpdateStackSet",
                "cloudformation:CreateStackInstances",
                "cloudformation:DeleteChangeSet",
                "cloudformation:DeleteStack",
                "cloudformation:ContinueUpdateRollback",
                "cloudformation:DetectStackResourceDrift",
                "cloudformation:ListStackSetOperationResults",
                "cloudformation:DescribeStackEvents",
                "cloudformation:DescribeStackSetOperation",
                "cloudformation:UpdateStack",
                "cloudformation:StopStackSetOperation",
                "cloudformation:DescribeChangeSet",
                "cloudformation:ExecuteChangeSet",
                "cloudformation:ListStackResources",
                "cloudformation:SetStackPolicy",
                "cloudformation:DescribeStackInstance",
                "cloudformation:DescribeStackResources",
                "cloudformation:SignalResource",
                "cloudformation:GetTemplateSummary",
                "cloudformation:DescribeStacks",
                "cloudformation:DescribeStackResourceDrifts",
                "cloudformation:GetStackPolicy",
                "cloudformation:DescribeStackSet",
                "cloudformation:ListStackSets",
                "cloudformation:CreateStack",
                "cloudformation:GetTemplate",
                "cloudformation:ListChangeSets"
            ],
            "Resource": [
                "arn:aws:cloudformation:*:*:stack/StackSet-NVSGISGLB-STACKSET-EXECPOLICY-GB01-*",
                "arn:aws:cloudformation:*:*:stack/StackSet-NVSGISGLB-IAM-RDRAGB-PREWARMING-*"
            ]
        },
        {
            "Sid": "Policy2",
            "Effect": "Allow",
            "Action": [
                "sns:ListTagsForResource",
                "sns:ListSubscriptionsByTopic",
                "sns:GetTopicAttributes",
                "sns:CreatePlatformApplication",
                "sns:CreateTopic",
                "sns:ListTopics",
                "sns:GetPlatformApplicationAttributes",
                "sns:CreatePlatformEndpoint",
                "sns:SetTopicAttributes",
                "sns:GetSubscriptionAttributes",
                "sns:ListSubscriptions",
                "sns:AddPermission",
                "sns:CheckIfPhoneNumberIsOptedOut",
                "sns:ListPhoneNumbersOptedOut",
                "sns:ListEndpointsByPlatformApplication",
                "sns:GetEndpointAttributes",
                "sns:SetSubscriptionAttributes",
                "sns:Publish",
                "sns:Subscribe",
                "sns:ConfirmSubscription",
                "sns:ListPlatformApplications",
                "sns:GetSMSAttributes",
                "sns:RemovePermission"
            ],
            "Resource": "*"
        },
        {
            "Sid": "Policy3",
            "Effect": "Allow",
            "Action": [
                "s3:PutObject",
                "s3:GetObject",
                "s3:CreateBucket",
                "s3:ListBucket"
            ],
            "Resource": "arn:aws:s3:::cf-templates*"
        },
        {
            "Sid": "Policy4",
            "Effect": "Allow",
            "Action": [
                "iam:CreatePolicy",
                "iam:AttachRolePolicy",
                "iam:GetPolicy",
                "iam:CreatePolicyVersion",
                "iam:ListPolicyVersions",
                "iam:DeletePolicyVersion"
            ],
            "Resource": [
                "arn:aws:iam::$ACCNUM:policy/PRCCAWSCFNSTACKSETPRDEXECUTIONID02",
                "arn:aws:iam::$ACCNUM:policy/PRCCAWSCFNSTACKSETGBRDRAIAMAPPEXEC",
                "arn:aws:iam::$ACCNUM:policy/PRCCAWSCFNSTACKSETGBRSSIAMAPPEXEC",
                "arn:aws:iam::$ACCNUM:policy/PRCCAWSCFNSTACKSETGBRSAPIAMAPPEXEC",
                "arn:aws:iam::$ACCNUM:policy/PRCCAWSCFNSTACKSETGBRAAIAMAPPEXEC",
                "arn:aws:iam::$ACCNUM:policy/PRCCAWSRDRAADM",
                "arn:aws:iam::$ACCNUM:policy/PCTRAWSCTRLGS",
                "arn:aws:iam::$ACCNUM:policy/PRCCAWSIAMMASTER",
                "arn:aws:iam::$ACCNUM:policy/PRCCAWSQUALYSCONN"
            ]
        },
        {
            "Sid": "Policy5",
            "Effect": "Allow",
            "Action": [
                "iam:CreateRole",
                "iam:GetRole",
                "iam:DeleteRole",
                "iam:UpdateRole",
                "iam:DetachRolePolicy",
                "iam:TagRole",
                "iam:UntagRole",
                "iam:AttachRolePolicy"
            ],
            "Resource": [
                "arn:aws:iam::$ACCNUM:role/RRCC_AWS_RDRAADM",
                "arn:aws:iam::$ACCNUM:role/RRCC_AWS_RDRA_ADM",
                "arn:aws:iam::$ACCNUM:role/RCTR_AWS_CTRLGS",
                "arn:aws:iam::$ACCNUM:role/RRCC_AWS_IAMMASTER",
                "arn:aws:iam::$ACCNUM:role/RRCC_AWS_QUALYSCONN",
                "arn:aws:iam::$ACCNUM:role/RRCC_AWS_INVENTORY",
                "arn:aws:iam::$ACCNUM:role/RRCC_AWS_CFNSTACKSETPRDEXECUTION",
                "arn:aws:iam::$ACCNUM:role/RRCC_AWS_CFNSTACKSET*IAMAPPEXEC"
            ]
        }
    ]
}
