{
	"AWSTemplateFormatVersion": "2010-09-09",
	"Description": "Cloudformation Template for application Master roles and policies for IAM ALL for CTS RSS, Dedicated Accounts",
	"Parameters": {
		"Route53SelfService": {
			"Description": "Enable the RCC.GB assume role access or not",
			"Type": "String",
			"Default": "false",
			"AllowedValues": [
				"true",
				"false"
			]
		}
	},
	"Conditions": {
		"EnableResource": {"Fn::Equals" : [{ "Ref": "Route53SelfService" }, "true"]}
	},
	"Resources": {
    "$IDENTIFIERAPPADM": {
        "Type": "AWS::IAM::Role",
        "DeletionPolicy": "Retain",
        "Properties": {
            "RoleName": "RIDY_AWS_$IDENTIFIER_APPADM",
            "MaxSessionDuration": 43200,
            "AssumeRolePolicyDocument": {
                "Version": "2012-10-17",
                "Statement": [
                    {
                        "Sid": "",
                        "Effect": "Allow",
                        "Principal": {
                            "Federated": [
                                {
                                    "Fn::Join": [
                                        "",
                                        [
                                            "arn:aws:iam::",
                                            {
                                                "Ref": "AWS::AccountId"
                                            },
                                            ":saml-provider/NovartisADFS"
                                        ]
                                    ]
                                }
                            ]
                        },
                        "Action": "sts:AssumeRoleWithSAML",
                        "Condition": {
                            "StringEquals": {
                                "SAML:aud": "https://signin.aws.amazon.com/saml"
                            }
                        }
                    }
                ]
            }
        }
    },
    "$IDENTIFIERAPPUSR": {
        "Type": "AWS::IAM::Role",
        "DeletionPolicy": "Retain",
        "Properties": {
            "RoleName": "RIDY_AWS_$IDENTIFIER_APPUSR",
            "MaxSessionDuration": 43200,
            "AssumeRolePolicyDocument": {
                "Version": "2012-10-17",
                "Statement": [
                    {
                        "Sid": "",
                        "Effect": "Allow",
                        "Principal": {
                            "Federated": [
                                {
                                    "Fn::Join": [
                                        "",
                                        [
                                            "arn:aws:iam::",
                                            {
                                                "Ref": "AWS::AccountId"
                                            },
                                            ":saml-provider/NovartisADFS"
                                        ]
                                    ]
                                }
                            ]
                        },
                        "Action": "sts:AssumeRoleWithSAML",
                        "Condition": {
                            "StringEquals": {
                                "SAML:aud": "https://signin.aws.amazon.com/saml"
                            }
                        }
                    }
                ]
            }
        }
    },
    "P$IDENTIFIERAPPADM": {
        "Type": "AWS::IAM::ManagedPolicy",
        "DeletionPolicy": "Retain",
        "DependsOn": [
            "$IDENTIFIERAPPADM"
        ],
        "Properties": {
            "ManagedPolicyName": "PIDYAWS$IDENTIFIERAPPADM",
            "Description": "IAM Policy for Account: $IDENTIFIER",
            "Path": "/",
            "PolicyDocument": {
                "Version": "2012-10-17",
                "Statement": [{
                        "Sid": "VisualEditor0",
                        "Effect": "Allow",
                        "Action": [
                            "iam:ListPolicies",
                            "iam:GetPolicyVersion",
                            "iam:ListRoles"
                        ],
                        "Resource": "*"
                    },
                    {
                        "Sid": "VisualEditor1",
                        "Effect": "Allow",
                        "Action": "sts:AssumeRole",
                        "Resource": 
						{
				          	"Fn::If": [
				          		"EnableResource",
				          		[
                                    "arn:aws:iam::$TSTACCOUNTNUMBER:role/RIDY_AWS_$IDENTIFIER_APPADMV1",
                                    "arn:aws:iam::900804374729:role/RIDY_AWS_$IDENTIFIER_APPADMV1"
				          		],
				          		[
                                    "arn:aws:iam::$TSTACCOUNTNUMBER:role/RIDY_AWS_$IDENTIFIER_APPADMV1"
				          		]
				          	]
				        }
                    }
                ]
            },
            "Roles": [
                "RIDY_AWS_$IDENTIFIER_APPADM"
            ]
        }
    },
    "P$IDENTIFIERAPPUSR": {
        "Type": "AWS::IAM::ManagedPolicy",
        "DeletionPolicy": "Retain",
        "DependsOn": [
            "$IDENTIFIERAPPUSR"
        ],
        "Properties": {
            "ManagedPolicyName": "PIDYAWS$IDENTIFIERAPPUSR",
            "Description": "IAM Policy for Account: $IDENTIFIER",
            "Path": "/",
            "PolicyDocument": {
                "Version": "2012-10-17",
                "Statement": [{
                        "Sid": "VisualEditor0",
                        "Effect": "Allow",
                        "Action": [
                            "iam:ListPolicies",
                            "iam:GetPolicyVersion",
                            "iam:ListRoles"
                        ],
                        "Resource": "*"
                    },
                    {
                        "Sid": "VisualEditor1",
                        "Effect": "Allow",
                        "Action": "sts:AssumeRole",
                        "Resource": 
						[
                            "arn:aws:iam::$TSTACCOUNTNUMBER:role/RIDY_AWS_$IDENTIFIER_APPUSRV1"
                        ]
                    }
                ]
            },
            "Roles": [
                "RIDY_AWS_$IDENTIFIER_APPUSR"
            ]
        }
    },
	"$IDENTIFIERAPPADMTST": {
        "Type": "AWS::IAM::Role",
        "DeletionPolicy": "Retain",
        "Properties": {
            "RoleName": "RIDY_AWS_$IDENTIFIER_APPADMTST",
            "MaxSessionDuration": 43200,
            "AssumeRolePolicyDocument": {
                "Version": "2012-10-17",
                "Statement": [
                    {
                        "Sid": "",
                        "Effect": "Allow",
                        "Principal": {
                            "Federated": [
                                {
                                    "Fn::Join": [
                                        "",
                                        [
                                            "arn:aws:iam::",
                                            {
                                                "Ref": "AWS::AccountId"
                                            },
                                            ":saml-provider/NovartisADFS"
                                        ]
                                    ]
                                }
                            ]
                        },
                        "Action": "sts:AssumeRoleWithSAML",
                        "Condition": {
                            "StringEquals": {
                                "SAML:aud": "https://signin.aws.amazon.com/saml"
                            }
                        }
                    }
                ]
            }
        }
    },
    "$IDENTIFIERAPPUSRTST": {
        "Type": "AWS::IAM::Role",
        "DeletionPolicy": "Retain",
        "Properties": {
            "RoleName": "RIDY_AWS_$IDENTIFIER_APPUSRTST",
            "MaxSessionDuration": 43200,
            "AssumeRolePolicyDocument": {
                "Version": "2012-10-17",
                "Statement": [
                    {
                        "Sid": "",
                        "Effect": "Allow",
                        "Principal": {
                            "Federated": [
                                {
                                    "Fn::Join": [
                                        "",
                                        [
                                            "arn:aws:iam::",
                                            {
                                                "Ref": "AWS::AccountId"
                                            },
                                            ":saml-provider/NovartisADFS"
                                        ]
                                    ]
                                }
                            ]
                        },
                        "Action": "sts:AssumeRoleWithSAML",
                        "Condition": {
                            "StringEquals": {
                                "SAML:aud": "https://signin.aws.amazon.com/saml"
                            }
                        }
                    }
                ]
            }
        }
    },
    "P$IDENTIFIERAPPADMTST": {
        "Type": "AWS::IAM::ManagedPolicy",
        "DeletionPolicy": "Retain",
        "DependsOn": [
            "$IDENTIFIERAPPADMTST"
        ],
        "Properties": {
            "ManagedPolicyName": "PIDYAWS$IDENTIFIERAPPADMTST",
            "Description": "IAM Policy for Account: $IDENTIFIER",
            "Path": "/",
            "PolicyDocument": {
                "Version": "2012-10-17",
                "Statement": [
                    {
                        "Sid": "VisualEditor0",
                        "Effect": "Allow",
                        "Action": "sts:AssumeRole",
                        "Resource": 
						{
				          	"Fn::If": [
				          		"EnableResource",
				          		[
                                    "arn:aws:iam::$TSTACCOUNTNUMBER:role/RIDY_AWS_$IDENTIFIER_APPADMTSTV1",
                                    "arn:aws:iam::900804374729:role/RIDY_AWS_$IDENTIFIER_APPADMTSTV1"
				          		],
				          		[
                                    "arn:aws:iam::$TSTACCOUNTNUMBER:role/RIDY_AWS_$IDENTIFIER_APPADMTSTV1"
				          		]
				          	]
				        }
                    }
                ]
            },
            "Roles": [
                "RIDY_AWS_$IDENTIFIER_APPADMTST"
            ]
        }
    },
    "P$IDENTIFIERAPPUSRTST": {
        "Type": "AWS::IAM::ManagedPolicy",
        "DeletionPolicy": "Retain",
        "DependsOn": [
            "$IDENTIFIERAPPUSRTST"
        ],
        "Properties": {
            "ManagedPolicyName": "PIDYAWS$IDENTIFIERAPPUSRTST",
            "Description": "IAM Policy for Account: $IDENTIFIER",
            "Path": "/",
            "PolicyDocument": {
                "Version": "2012-10-17",
                "Statement": [
                    {
                        "Sid": "VisualEditor0",
                        "Effect": "Allow",
                        "Action": "sts:AssumeRole",
                        "Resource": [
                            "arn:aws:iam::$TSTACCOUNTNUMBER:role/RIDY_AWS_$IDENTIFIER_APPUSRTSTV1"
                        ]
                    }
                ]
            },
            "Roles": [
                "RIDY_AWS_$IDENTIFIER_APPUSRTST"
            ]
        }
    }
}
}