{
    "AWSTemplateFormatVersion": "2010-09-09",
    "Description": "Cloudformation Template for IDY application Master roles and policies creation for EERSTD Accounts in IDY.GB",
    "Parameters": {
        "Route53SelfService": {
            "Description": "Enable the RCC.GB assume role access or not",
            "Type": "String",
            "Default": "false",
            "AllowedValues": [
                "true",
                "false"
            ]
        }
    },
    "Conditions": {
        "EnableResource": {
            "Fn::Equals": [
                {
                    "Ref": "Route53SelfService"
                },
                "true"
            ]
        }
    },
    "Resources": {
        "$IDENTIFIERAPPADM": {
            "Type": "AWS::IAM::Role",
            "DeletionPolicy": "Retain",
            "Properties": {
                "RoleName": "RIDY_AWS_$IDENTIFIER_APPADM",
                "MaxSessionDuration": 43200,
                "AssumeRolePolicyDocument": {
                    "Version": "2012-10-17",
                    "Statement": [
                        {
                            "Sid": "",
                            "Effect": "Allow",
                            "Principal": {
                                "Federated": [
                                    {
                                        "Fn::Join": [
                                            "",
                                            [
                                                "arn:aws:iam::",
                                                {
                                                    "Ref": "AWS::AccountId"
                                                },
                                                ":saml-provider/NovartisADFS"
                                            ]
                                        ]
                                    }
                                ]
                            },
                            "Action": "sts:AssumeRoleWithSAML",
                            "Condition": {
                                "StringEquals": {
                                    "SAML:aud": "https://signin.aws.amazon.com/saml"
                                }
                            }
                        }
                    ]
                }
            }
        },
        "$IDENTIFIERAPPUSR": {
            "Type": "AWS::IAM::Role",
            "DeletionPolicy": "Retain",
            "Properties": {
                "RoleName": "RIDY_AWS_$IDENTIFIER_APPUSR",
                "MaxSessionDuration": 43200,
                "AssumeRolePolicyDocument": {
                    "Version": "2012-10-17",
                    "Statement": [
                        {
                            "Sid": "",
                            "Effect": "Allow",
                            "Principal": {
                                "Federated": [
                                    {
                                        "Fn::Join": [
                                            "",
                                            [
                                                "arn:aws:iam::",
                                                {
                                                    "Ref": "AWS::AccountId"
                                                },
                                                ":saml-provider/NovartisADFS"
                                            ]
                                        ]
                                    }
                                ]
                            },
                            "Action": "sts:AssumeRoleWithSAML",
                            "Condition": {
                                "StringEquals": {
                                    "SAML:aud": "https://signin.aws.amazon.com/saml"
                                }
                            }
                        }
                    ]
                }
            }
        },
        "P$IDENTIFIERAPPADM": {
            "Type": "AWS::IAM::ManagedPolicy",
            "DeletionPolicy": "Retain",
            "DependsOn": [
                "$IDENTIFIERAPPADM"
            ],
            "Properties": {
                "ManagedPolicyName": "PIDYAWS$IDENTIFIERAPPADM",
                "Description": "IAM Policy for Account: $IDENTIFIER",
                "Path": "/",
                "PolicyDocument": {
                    "Version": "2012-10-17",
                    "Statement": [
                        {
                            "Sid": "VisualEditor0",
                            "Effect": "Allow",
                            "Action": [
                                "iam:ListPolicies",
                                "iam:GetPolicyVersion",
                                "iam:ListRoles"
                            ],
                            "Resource": "*"
                        },
                        {
                            "Sid": "VisualEditor1",
                            "Effect": "Allow",
                            "Action": "sts:AssumeRole",
                            "Resource": {
                                "Fn::If": [
                                    "EnableResource",
                                    [
                                        "arn:aws:iam::$ACCOUNTNUMBER:role/RIDY_AWS_$IDENTIFIER_APPADMV1",
                                        "arn:aws:iam::304512965277:role/RIDY_AWS_$IDENTIFIER_APPADMV1"
                                    ],
                                    [
                                        "arn:aws:iam::$ACCOUNTNUMBER:role/RIDY_AWS_$IDENTIFIER_APPADMV1"
                                    ]
                                ]
                            }
                        }
                    ]
                },
                "Roles": [
                    "RIDY_AWS_$IDENTIFIER_APPADM"
                ]
            }
        },
        "P$IDENTIFIERAPPUSR": {
            "Type": "AWS::IAM::ManagedPolicy",
            "DeletionPolicy": "Retain",
            "DependsOn": [
                "$IDENTIFIERAPPUSR"
            ],
            "Properties": {
                "ManagedPolicyName": "PIDYAWS$IDENTIFIERAPPUSR",
                "Description": "IAM Policy for Account: $IDENTIFIER",
                "Path": "/",
                "PolicyDocument": {
                    "Version": "2012-10-17",
                    "Statement": [
                        {
                            "Sid": "VisualEditor0",
                            "Effect": "Allow",
                            "Action": [
                                "iam:ListPolicies",
                                "iam:GetPolicyVersion",
                                "iam:ListRoles"
                            ],
                            "Resource": "*"
                        },
                        {
                            "Sid": "VisualEditor1",
                            "Effect": "Allow",
                            "Action": "sts:AssumeRole",
                            "Resource": [
                                "arn:aws:iam::$ACCOUNTNUMBER:role/RIDY_AWS_$IDENTIFIER_APPUSRV1"
                            ]
                        }
                    ]
                },
                "Roles": [
                    "RIDY_AWS_$IDENTIFIER_APPUSR"
                ]
            }
        }
    }
}