{
    "AWSTemplateFormatVersion": "2010-09-09",
    "Description": "Cloudformation Template for application Master roles and policies for IAM ALL for CTS RSS, Dedicated Accounts",
    "Parameters": {
        "Route53SelfService": {
            "Description": "Enable the RCC.GB assume role access or not",
            "Type": "String",
            "Default": "false",
            "AllowedValues": [
                "true",
                "false"
            ]
        }
    },
    "Conditions": {
        "EnableResource": {
            "Fn::Equals": [
                {
                    "Ref": "Route53SelfService"
                },
                "true"
            ]
        }
    },
    "Resources": {
        "$IDENTIFIERAPPADM": {
            "Type": "AWS::IAM::Role",
            "DeletionPolicy": "Retain",
            "Properties": {
                "RoleName": "RIDY_AWS_$IDENTIFIER_APPADM",
                "MaxSessionDuration": 43200,
                "AssumeRolePolicyDocument": {
                    "Version": "2012-10-17",
                    "Statement": [
                        {
                            "Sid": "",
                            "Effect": "Allow",
                            "Principal": {
                                "Federated": [
                                    {
                                        "Fn::Join": [
                                            "",
                                            [
                                                "arn:aws:iam::",
                                                {
                                                    "Ref": "AWS::AccountId"
                                                },
                                                ":saml-provider/NovartisADFS"
                                            ]
                                        ]
                                    }
                                ]
                            },
                            "Action": "sts:AssumeRoleWithSAML",
                            "Condition": {
                                "StringEquals": {
                                    "SAML:aud": "https://signin.aws.amazon.com/saml"
                                }
                            }
                        }
                    ]
                }
            }
        },
        "$IDENTIFIERAPPUSR": {
            "Type": "AWS::IAM::Role",
            "DeletionPolicy": "Retain",
            "Properties": {
                "RoleName": "RIDY_AWS_$IDENTIFIER_APPUSR",
                "MaxSessionDuration": 43200,
                "AssumeRolePolicyDocument": {
                    "Version": "2012-10-17",
                    "Statement": [
                        {
                            "Sid": "",
                            "Effect": "Allow",
                            "Principal": {
                                "Federated": [
                                    {
                                        "Fn::Join": [
                                            "",
                                            [
                                                "arn:aws:iam::",
                                                {
                                                    "Ref": "AWS::AccountId"
                                                },
                                                ":saml-provider/NovartisADFS"
                                            ]
                                        ]
                                    }
                                ]
                            },
                            "Action": "sts:AssumeRoleWithSAML",
                            "Condition": {
                                "StringEquals": {
                                    "SAML:aud": "https://signin.aws.amazon.com/saml"
                                }
                            }
                        }
                    ]
                }
            }
        },
        "P$IDENTIFIERAPPADM": {
            "Type": "AWS::IAM::ManagedPolicy",
            "DeletionPolicy": "Retain",
            "DependsOn": [
                "$IDENTIFIERAPPADM"
            ],
            "Properties": {
                "ManagedPolicyName": "PIDYAWS$IDENTIFIERAPPADM",
                "Description": "IAM Policy for Account: $IDENTIFIER",
                "Path": "/",
                "PolicyDocument": {
                    "Version": "2012-10-17",
                    "Statement": [
                        {
                            "Sid": "VisualEditor0",
                            "Effect": "Allow",
                            "Action": [
                                "iam:ListPolicies",
                                "iam:GetPolicyVersion",
                                "iam:ListRoles"
                            ],
                            "Resource": "*"
                        },
                        {
                            "Sid": "VisualEditor1",
                            "Effect": "Allow",
                            "Action": "sts:AssumeRole",
                            "Resource": {
                                "Fn::If": [
                                    "EnableResource",
                                    [
                                        "arn:aws:iam::$DEVACCOUNTNUMBER:role/RIDY_AWS_$IDENTIFIER_APPADMV1",
                                        "arn:aws:iam::$QAACCOUNTNUMBER:role/RIDY_AWS_$IDENTIFIER_APPADMV1",
                                        "arn:aws:iam::$PRDACCOUNTNUMBER:role/RIDY_AWS_$IDENTIFIER_APPADMV1",
                                        "arn:aws:iam::$DEVACCOUNTNUMBER:role/RIDY_AWS_$IDENTIFIER_APPADM",
                                        "arn:aws:iam::$QAACCOUNTNUMBER:role/RIDY_AWS_$IDENTIFIER_APPADM",
                                        "arn:aws:iam::$PRDACCOUNTNUMBER:role/RIDY_AWS_$IDENTIFIER_APPADM"
                                    ],
                                    [
                                        "arn:aws:iam::$DEVACCOUNTNUMBER:role/RIDY_AWS_$IDENTIFIER_APPADMV1",
                                        "arn:aws:iam::$QAACCOUNTNUMBER:role/RIDY_AWS_$IDENTIFIER_APPADMV1",
                                        "arn:aws:iam::$PRDACCOUNTNUMBER:role/RIDY_AWS_$IDENTIFIER_APPADMV1",
                                        "arn:aws:iam::$DEVACCOUNTNUMBER:role/RIDY_AWS_$IDENTIFIER_APPADM",
                                        "arn:aws:iam::$QAACCOUNTNUMBER:role/RIDY_AWS_$IDENTIFIER_APPADM",
                                        "arn:aws:iam::$PRDACCOUNTNUMBER:role/RIDY_AWS_$IDENTIFIER_APPADM"
                                    ]
                                ]
                            }
                        }
                    ]
                },
                "Roles": [
                    "RIDY_AWS_$IDENTIFIER_APPADM"
                ]
            }
        },
        "P$IDENTIFIERAPPUSR": {
            "Type": "AWS::IAM::ManagedPolicy",
            "DeletionPolicy": "Retain",
            "DependsOn": [
                "$IDENTIFIERAPPUSR"
            ],
            "Properties": {
                "ManagedPolicyName": "PIDYAWS$IDENTIFIERAPPUSR",
                "Description": "IAM Policy for Account: $IDENTIFIER",
                "Path": "/",
                "PolicyDocument": {
                    "Version": "2012-10-17",
                    "Statement": [
                        {
                            "Sid": "VisualEditor0",
                            "Effect": "Allow",
                            "Action": [
                                "iam:ListPolicies",
                                "iam:GetPolicyVersion",
                                "iam:ListRoles"
                            ],
                            "Resource": "*"
                        },
                        {
                            "Sid": "VisualEditor1",
                            "Effect": "Allow",
                            "Action": "sts:AssumeRole",
                            "Resource": [
                                "arn:aws:iam::$DEVACCOUNTNUMBER:role/RIDY_AWS_$IDENTIFIER_APPUSRV1",
                                "arn:aws:iam::$QAACCOUNTNUMBER:role/RIDY_AWS_$IDENTIFIER_APPUSRV1",
                                "arn:aws:iam::$PRDACCOUNTNUMBER:role/RIDY_AWS_$IDENTIFIER_APPUSRV1",
                                "arn:aws:iam::$DEVACCOUNTNUMBER:role/RIDY_AWS_$IDENTIFIER_APPUSR",
                                "arn:aws:iam::$QAACCOUNTNUMBER:role/RIDY_AWS_$IDENTIFIER_APPUSR",
                                "arn:aws:iam::$PRDACCOUNTNUMBER:role/RIDY_AWS_$IDENTIFIER_APPUSR"
                            ]
                        }
                    ]
                },
                "Roles": [
                    "RIDY_AWS_$IDENTIFIER_APPUSR"
                ]
            }
        },
        "$IDENTIFIERAPPADMDEV": {
            "Type": "AWS::IAM::Role",
            "DeletionPolicy": "Retain",
            "Properties": {
                "RoleName": "RIDY_AWS_$IDENTIFIER_APPADMDEV",
                "MaxSessionDuration": 43200,
                "AssumeRolePolicyDocument": {
                    "Version": "2012-10-17",
                    "Statement": [
                        {
                            "Sid": "",
                            "Effect": "Allow",
                            "Principal": {
                                "Federated": [
                                    {
                                        "Fn::Join": [
                                            "",
                                            [
                                                "arn:aws:iam::",
                                                {
                                                    "Ref": "AWS::AccountId"
                                                },
                                                ":saml-provider/NovartisADFS"
                                            ]
                                        ]
                                    }
                                ]
                            },
                            "Action": "sts:AssumeRoleWithSAML",
                            "Condition": {
                                "StringEquals": {
                                    "SAML:aud": "https://signin.aws.amazon.com/saml"
                                }
                            }
                        }
                    ]
                }
            }
        },
        "$IDENTIFIERAPPUSRDEV": {
            "Type": "AWS::IAM::Role",
            "DeletionPolicy": "Retain",
            "Properties": {
                "RoleName": "RIDY_AWS_$IDENTIFIER_APPUSRDEV",
                "MaxSessionDuration": 43200,
                "AssumeRolePolicyDocument": {
                    "Version": "2012-10-17",
                    "Statement": [
                        {
                            "Sid": "",
                            "Effect": "Allow",
                            "Principal": {
                                "Federated": [
                                    {
                                        "Fn::Join": [
                                            "",
                                            [
                                                "arn:aws:iam::",
                                                {
                                                    "Ref": "AWS::AccountId"
                                                },
                                                ":saml-provider/NovartisADFS"
                                            ]
                                        ]
                                    }
                                ]
                            },
                            "Action": "sts:AssumeRoleWithSAML",
                            "Condition": {
                                "StringEquals": {
                                    "SAML:aud": "https://signin.aws.amazon.com/saml"
                                }
                            }
                        }
                    ]
                }
            }
        },
        "P$IDENTIFIERAPPADMDEV": {
            "Type": "AWS::IAM::ManagedPolicy",
            "DeletionPolicy": "Retain",
            "DependsOn": [
                "$IDENTIFIERAPPADMDEV"
            ],
            "Properties": {
                "ManagedPolicyName": "PIDYAWS$IDENTIFIERAPPADMDEV",
                "Description": "IAM Policy for Account: $IDENTIFIER",
                "Path": "/",
                "PolicyDocument": {
                    "Version": "2012-10-17",
                    "Statement": [
                        {
                            "Sid": "VisualEditor0",
                            "Effect": "Allow",
                            "Action": "sts:AssumeRole",
                            "Resource": {
                                "Fn::If": [
                                    "EnableResource",
                                    [
                                        "arn:aws:iam::$DEVACCOUNTNUMBER:role/RIDY_AWS_$IDENTIFIER_APPADMDEVV1",
                                        "arn:aws:iam::$DEVACCOUNTNUMBER:role/RIDY_AWS_$IDENTIFIER_APPADMDEV"
                                    ],
                                    [
                                        "arn:aws:iam::$DEVACCOUNTNUMBER:role/RIDY_AWS_$IDENTIFIER_APPADMDEVV1",
                                        "arn:aws:iam::$DEVACCOUNTNUMBER:role/RIDY_AWS_$IDENTIFIER_APPADMDEV"
                                    ]
                                ]
                            }
                        }
                    ]
                },
                "Roles": [
                    "RIDY_AWS_$IDENTIFIER_APPADMDEV"
                ]
            }
        },
        "P$IDENTIFIERAPPUSRDEV": {
            "Type": "AWS::IAM::ManagedPolicy",
            "DeletionPolicy": "Retain",
            "DependsOn": [
                "$IDENTIFIERAPPUSRDEV"
            ],
            "Properties": {
                "ManagedPolicyName": "PIDYAWS$IDENTIFIERAPPUSRDEV",
                "Description": "IAM Policy for Account: $IDENTIFIER",
                "Path": "/",
                "PolicyDocument": {
                    "Version": "2012-10-17",
                    "Statement": [
                        {
                            "Sid": "VisualEditor0",
                            "Effect": "Allow",
                            "Action": "sts:AssumeRole",
                            "Resource": [
                                "arn:aws:iam::$DEVACCOUNTNUMBER:role/RIDY_AWS_$IDENTIFIER_APPUSRDEVV1",
                                "arn:aws:iam::$DEVACCOUNTNUMBER:role/RIDY_AWS_$IDENTIFIER_APPUSRDEV"
                            ]
                        }
                    ]
                },
                "Roles": [
                    "RIDY_AWS_$IDENTIFIER_APPUSRDEV"
                ]
            }
        },
        "$IDENTIFIERAPPADMQA": {
            "Type": "AWS::IAM::Role",
            "DeletionPolicy": "Retain",
            "Properties": {
                "RoleName": "RIDY_AWS_$IDENTIFIER_APPADMQA",
                "MaxSessionDuration": 43200,
                "AssumeRolePolicyDocument": {
                    "Version": "2012-10-17",
                    "Statement": [
                        {
                            "Sid": "",
                            "Effect": "Allow",
                            "Principal": {
                                "Federated": [
                                    {
                                        "Fn::Join": [
                                            "",
                                            [
                                                "arn:aws:iam::",
                                                {
                                                    "Ref": "AWS::AccountId"
                                                },
                                                ":saml-provider/NovartisADFS"
                                            ]
                                        ]
                                    }
                                ]
                            },
                            "Action": "sts:AssumeRoleWithSAML",
                            "Condition": {
                                "StringEquals": {
                                    "SAML:aud": "https://signin.aws.amazon.com/saml"
                                }
                            }
                        }
                    ]
                }
            }
        },
        "$IDENTIFIERAPPUSRQA": {
            "Type": "AWS::IAM::Role",
            "DeletionPolicy": "Retain",
            "Properties": {
                "RoleName": "RIDY_AWS_$IDENTIFIER_APPUSRQA",
                "MaxSessionDuration": 43200,
                "AssumeRolePolicyDocument": {
                    "Version": "2012-10-17",
                    "Statement": [
                        {
                            "Sid": "",
                            "Effect": "Allow",
                            "Principal": {
                                "Federated": [
                                    {
                                        "Fn::Join": [
                                            "",
                                            [
                                                "arn:aws:iam::",
                                                {
                                                    "Ref": "AWS::AccountId"
                                                },
                                                ":saml-provider/NovartisADFS"
                                            ]
                                        ]
                                    }
                                ]
                            },
                            "Action": "sts:AssumeRoleWithSAML",
                            "Condition": {
                                "StringEquals": {
                                    "SAML:aud": "https://signin.aws.amazon.com/saml"
                                }
                            }
                        }
                    ]
                }
            }
        },
        "P$IDENTIFIERAPPADMQA": {
            "Type": "AWS::IAM::ManagedPolicy",
            "DeletionPolicy": "Retain",
            "DependsOn": [
                "$IDENTIFIERAPPADMQA"
            ],
            "Properties": {
                "ManagedPolicyName": "PIDYAWS$IDENTIFIERAPPADMQA",
                "Description": "IAM Policy for Account: $IDENTIFIER",
                "Path": "/",
                "PolicyDocument": {
                    "Version": "2012-10-17",
                    "Statement": [
                        {
                            "Sid": "VisualEditor0",
                            "Effect": "Allow",
                            "Action": "sts:AssumeRole",
                            "Resource": {
                                "Fn::If": [
                                    "EnableResource",
                                    [
                                        "arn:aws:iam::$QAACCOUNTNUMBER:role/RIDY_AWS_$IDENTIFIER_APPADMQAV1",
                                        "arn:aws:iam::$QAACCOUNTNUMBER:role/RIDY_AWS_$IDENTIFIER_APPADMQA"
                                    ],
                                    [
                                        "arn:aws:iam::$QAACCOUNTNUMBER:role/RIDY_AWS_$IDENTIFIER_APPADMQAV1",
                                        "arn:aws:iam::$QAACCOUNTNUMBER:role/RIDY_AWS_$IDENTIFIER_APPADMQA"
                                    ]
                                ]
                            }
                        }
                    ]
                },
                "Roles": [
                    "RIDY_AWS_$IDENTIFIER_APPADMQA"
                ]
            }
        },
        "P$IDENTIFIERAPPUSRQA": {
            "Type": "AWS::IAM::ManagedPolicy",
            "DeletionPolicy": "Retain",
            "DependsOn": [
                "$IDENTIFIERAPPUSRQA"
            ],
            "Properties": {
                "ManagedPolicyName": "PIDYAWS$IDENTIFIERAPPUSRQA",
                "Description": "IAM Policy for Account: $IDENTIFIER",
                "Path": "/",
                "PolicyDocument": {
                    "Version": "2012-10-17",
                    "Statement": [
                        {
                            "Sid": "VisualEditor0",
                            "Effect": "Allow",
                            "Action": "sts:AssumeRole",
                            "Resource": [
                                "arn:aws:iam::$QAACCOUNTNUMBER:role/RIDY_AWS_$IDENTIFIER_APPUSRQAV1",
                                "arn:aws:iam::$QAACCOUNTNUMBER:role/RIDY_AWS_$IDENTIFIER_APPUSRQA"
                            ]
                        }
                    ]
                },
                "Roles": [
                    "RIDY_AWS_$IDENTIFIER_APPUSRQA"
                ]
            }
        },
        "$IDENTIFIERAPPADMPRD": {
            "Type": "AWS::IAM::Role",
            "DeletionPolicy": "Retain",
            "Properties": {
                "RoleName": "RIDY_AWS_$IDENTIFIER_APPADMPRD",
                "MaxSessionDuration": 43200,
                "AssumeRolePolicyDocument": {
                    "Version": "2012-10-17",
                    "Statement": [
                        {
                            "Sid": "",
                            "Effect": "Allow",
                            "Principal": {
                                "Federated": [
                                    {
                                        "Fn::Join": [
                                            "",
                                            [
                                                "arn:aws:iam::",
                                                {
                                                    "Ref": "AWS::AccountId"
                                                },
                                                ":saml-provider/NovartisADFS"
                                            ]
                                        ]
                                    }
                                ]
                            },
                            "Action": "sts:AssumeRoleWithSAML",
                            "Condition": {
                                "StringEquals": {
                                    "SAML:aud": "https://signin.aws.amazon.com/saml"
                                }
                            }
                        }
                    ]
                }
            }
        },
        "$IDENTIFIERAPPUSRPRD": {
            "Type": "AWS::IAM::Role",
            "DeletionPolicy": "Retain",
            "Properties": {
                "RoleName": "RIDY_AWS_$IDENTIFIER_APPUSRPRD",
                "MaxSessionDuration": 43200,
                "AssumeRolePolicyDocument": {
                    "Version": "2012-10-17",
                    "Statement": [
                        {
                            "Sid": "",
                            "Effect": "Allow",
                            "Principal": {
                                "Federated": [
                                    {
                                        "Fn::Join": [
                                            "",
                                            [
                                                "arn:aws:iam::",
                                                {
                                                    "Ref": "AWS::AccountId"
                                                },
                                                ":saml-provider/NovartisADFS"
                                            ]
                                        ]
                                    }
                                ]
                            },
                            "Action": "sts:AssumeRoleWithSAML",
                            "Condition": {
                                "StringEquals": {
                                    "SAML:aud": "https://signin.aws.amazon.com/saml"
                                }
                            }
                        }
                    ]
                }
            }
        },
        "P$IDENTIFIERAPPADMPRD": {
            "Type": "AWS::IAM::ManagedPolicy",
            "DeletionPolicy": "Retain",
            "DependsOn": [
                "$IDENTIFIERAPPADMPRD"
            ],
            "Properties": {
                "ManagedPolicyName": "PIDYAWS$IDENTIFIERAPPADMPRD",
                "Description": "IAM Policy for Account: $IDENTIFIER",
                "Path": "/",
                "PolicyDocument": {
                    "Version": "2012-10-17",
                    "Statement": [
                        {
                            "Sid": "VisualEditor0",
                            "Effect": "Allow",
                            "Action": "sts:AssumeRole",
                            "Resource": {
                                "Fn::If": [
                                    "EnableResource",
                                    [
                                        "arn:aws:iam::$PRDACCOUNTNUMBER:role/RIDY_AWS_$IDENTIFIER_APPADMPRDV1",
                                        "arn:aws:iam::$PRDACCOUNTNUMBER:role/RIDY_AWS_$IDENTIFIER_APPADMPRD"
                                    ],
                                    [
                                        "arn:aws:iam::$PRDACCOUNTNUMBER:role/RIDY_AWS_$IDENTIFIER_APPADMPRDV1",
                                        "arn:aws:iam::$PRDACCOUNTNUMBER:role/RIDY_AWS_$IDENTIFIER_APPADMPRD"
                                    ]
                                ]
                            }
                        }
                    ]
                },
                "Roles": [
                    "RIDY_AWS_$IDENTIFIER_APPADMPRD"
                ]
            }
        },
        "P$IDENTIFIERAPPUSRPRD": {
            "Type": "AWS::IAM::ManagedPolicy",
            "DeletionPolicy": "Retain",
            "DependsOn": [
                "$IDENTIFIERAPPUSRPRD"
            ],
            "Properties": {
                "ManagedPolicyName": "PIDYAWS$IDENTIFIERAPPUSRPRD",
                "Description": "IAM Policy for Account: $IDENTIFIER",
                "Path": "/",
                "PolicyDocument": {
                    "Version": "2012-10-17",
                    "Statement": [
                        {
                            "Sid": "VisualEditor0",
                            "Effect": "Allow",
                            "Action": "sts:AssumeRole",
                            "Resource": [
                                "arn:aws:iam::$PRDACCOUNTNUMBER:role/RIDY_AWS_$IDENTIFIER_APPUSRPRDV1",
                                "arn:aws:iam::$PRDACCOUNTNUMBER:role/RIDY_AWS_$IDENTIFIER_APPUSRPRD"
                            ]
                        }
                    ]
                },
                "Roles": [
                    "RIDY_AWS_$IDENTIFIER_APPUSRPRD"
                ]
            }
        }
    }
}