{
  "Version": "2012-10-17",
  "Statement": [
      {
          "Sid": "VisualEditor0",
          "Effect": "Allow",
          "Action": [
              "kinesis:*",
              "cloudwatch:*",
              "logs:*",
              "sns:*",
              "ec2:*",
              "ram:*",
              "firehose:*",
              "sqs:*",
              "config:*",
              "appsync:*",
              "autoscaling-plans:*",
              "batch:*",
              "acm:*",
              "cloud9:*",
              "cloudformation:*",
              "cloudtrail:*",
              "codebuild:*",
              "codecommit:*",
              "codedeploy:*",
              "codepipeline:*",
              "codestar:*",
              "datapipeline:*",
              "devicefarm:*",
              "elasticbeanstalk:*",
              "glue:*",
              "greengrass:*",
              "iot1click:*",
              "iotanalytics:*",
              "kms:*",
              "lambda:*",
              "kafka:*",
              "mobilehub:*",
              "opsworks-cm:*",
              "secretsmanager:*",
              "servicecatalog:*",
              "shield:*",
              "sso:*",
              "states:*",
              "support:*",
              "ssm:*",
              "trustedadvisor:*",
              "waf:*",
              "xray:*",
              "apigateway:*",
              "appstream:*",
              "appflow:*",
              "athena:*",
              "cloudwatch:*",
              "comprehend:*",
              "cognito-identity:*",
              "cognito-sync:*",
              "cognito-idp:*",
              "rds:*",
              "polly:*",
              "datasync:*",
              "deeplens:*",
              "dynamodb:*",
              "dax:*",
              "elasticache:*",
              "ebs:*",
              "ecr:*",
              "elastictranscoder:*",
              "ecs:*",
              "elasticfilesystem:*",
              "elasticmapreduce:*",
              "glue:*",
              "databrew:*",
              "guardduty:*",
              "inspector:*",
              "kinesis:*",
              "kinesisanalytics:*",
              "kinesisvideo:*",
              "lakeformation:*",
              "mq:*",
              "lex:*",
              "machinelearning:*",
              "mobileanalytics:*",
              "quicksight:*",
              "redshift:*",
              "rds:*",
              "sagemaker:*",
              "ses:*",
              "ssmmessages:*",
              "s3:*",
              "transcribe:*",
              "translate:*",
              "dms:*",
              "iot:*",
              "iotfleethub:*",
              "opsworks:*",
              "health:*",
              "airflow:*",
              "elasticloadbalancing:*",
              "es:*",
              "rekognition:*",
              "swf:*",
              "eks:*"
          ],
          "Resource": "*"
      },
      {
          "Action": [
              "iam:AddRoleToInstanceProfile",
              "iam:AttachRolePolicy",
              "iam:AttachUserPolicy",
              "iam:CreateInstanceProfile",
              "iam:CreatePolicy",
              "iam:CreatePolicyVersion",
              "iam:CreateRole",
              "iam:CreateUser",
              "iam:CreateAccessKey",
              "iam:CreateAccountAlias",
              "iam:CreateSAMLProvider",
              "iam:CreateServiceLinkedRole",
              "iam:DeleteAccountPasswordPolicy",
              "iam:DeleteInstanceProfile",
              "iam:DeletePolicy",
              "iam:DeletePolicyVersion",
              "iam:DeleteRole",
              "iam:DeleteRolePolicy",
              "iam:DeleteSAMLProvider",
              "iam:DetachRolePolicy",
              "iam:GenerateCredentialReport",
              "iam:Get*",
              "iam:List*",
              "iam:PassRole",
              "iam:Tag*",
              "iam:PutRolePolicy",
              "iam:RemoveRoleFromInstanceProfile",
              "iam:SetDefaultPolicyVersion",
              "iam:UpdateAccountPasswordPolicy",
              "iam:UpdateAssumeRolePolicy",
              "iam:Update*",
              "route53:*",
              "tag:*",
              "events:*",
              "route53resolver:*"
          ],
          "Resource": "*",
          "Effect": "Allow",
          "Sid": "VisualEditor1"
      }
  ]
}