{
    "Version": "2012-10-17",
    "Statement": [
      {
          "Sid": "VisualEditor0",
          "Effect": "Allow",
          "Action": [
              "s3:List*",
              "s3:Get*",
              "s3:Describe*"
          ],
          "Resource": "*"
      },
      {
          "Sid": "VisualEditor5",
          "Effect": "Allow",
          "Action": [
              "kms:Create*",
              "kms:Describe*",
              "kms:Enable*",
              "kms:List*",
              "kms:Put*",
              "kms:Get*",
              "kms:TagResource",
              "tag:Get*"
          ],
          "Resource": "*"
      },
      {
          "Effect": "Allow",
          "Action": [
              "iam:PassRole",
              "iam:List*",
              "iam:Get*"
          ],
          "Resource": "*"
      },
      {
          "Sid": "VisualEditor6",
          "Effect": "Allow",
          "Action": [
              "sns:*",
              "logs:*",
              "sqs:*",
              "config:*"
          ],
          "Resource": "*"
      },
      {
          "Sid": "VisualEditor7",
          "Effect": "Allow",
          "Action": [
              "cloudwatch:Create*",
              "cloudwatch:Associate*",
              "cloudwatch:Describe*",
              "cloudwatch:Get*",
              "cloudwatch:Put*",
              "cloudwatch:List*",
              "cloudwatch:Tag*"
          ],
          "Resource": "arn:aws:cloudwatch:::*"
      },
      {
          "Sid": "VisualEditor9",
          "Effect": "Allow",
          "Action": [
              "cloudtrail:Describe*",
              "cloudtrail:Get*",
              "cloudtrail:List*",
              "cloudtrail:Create*",
              "cloudtrail:Delete*",
              "cloudtrail:Lookup*",
              "cloudtrail:Put*",
              "cloudtrail:Update*",
              "cloudtrail:Addtags",
              "cloudtrail:Start*"
          ],
          "Resource": "*"
      },
      {
          "Sid": "VisualEditor10",
          "Effect": "Allow",
          "Action": [
              "cloudformation:Describe*",
              "cloudformation:Get*",
              "cloudformation:Create*",
              "cloudformation:Update*",
              "cloudformation:Validate*",
              "cloudformation:Set*",
              "cloudformation:List*",
              "cloudformation:Import*",
              "cloudformation:Delete*"
          ],
          "Resource": "arn:aws:cloudformation:*:*:stack/*"
      },
      {
          "Sid": "VisualEditor11",
          "Effect": "Allow",
          "Action": [
              "route53resolver:List*",
              "route53resolver:Get*"
          ],
          "Resource": "*"
      }
    ]
  }