{
    "Version": "2012-10-17",
    "Statement": [
        {
            "Sid": "Policy1",
            "Effect": "Allow",
            "Action": [
                "cloudformation:CancelUpdateStack",
                "cloudformation:DetectStackDrift",
                "cloudformation:UpdateStackInstances",
                "cloudformation:ListStackSetOperations",
                "cloudformation:ListStackInstances",
                "cloudformation:UpdateTerminationProtection",
                "cloudformation:DescribeStackResource",
                "cloudformation:CreateChangeSet",
                "cloudformation:UpdateStackSet",
                "cloudformation:CreateStackInstances",
                "cloudformation:DeleteChangeSet",
                "cloudformation:DeleteStack",
                "cloudformation:ContinueUpdateRollback",
                "cloudformation:DetectStackResourceDrift",
                "cloudformation:ListStackSetOperationResults",
                "cloudformation:DescribeStackEvents",
                "cloudformation:DescribeStackSetOperation",
                "cloudformation:UpdateStack",
                "cloudformation:StopStackSetOperation",
                "cloudformation:DescribeChangeSet",
                "cloudformation:ExecuteChangeSet",
                "cloudformation:ListStackResources",
                "cloudformation:SetStackPolicy",
                "cloudformation:DescribeStackInstance",
                "cloudformation:DescribeStackResources",
                "cloudformation:SignalResource",
                "cloudformation:GetTemplateSummary",
                "cloudformation:DescribeStacks",
                "cloudformation:DescribeStackResourceDrifts",
                "cloudformation:GetStackPolicy",
                "cloudformation:DescribeStackSet",
                "cloudformation:ListStackSets",
                "cloudformation:CreateStack",
                "cloudformation:GetTemplate",
                "cloudformation:ListChangeSets"
            ],
            "Resource": [
                "arn:aws-cn:cloudformation:*:*:stack/StackSet-NVSGISGLB-STACKSET-EXECPOLICY-TST01-*",
                "arn:aws-cn:cloudformation:*:*:stack/StackSet-NVSGISGLB-SERVICECATALOG-PRDTST-*",
                "arn:aws-cn:cloudformation:*:*:stack/StackSet-NVSGISGLB-IAM-RDRATST-PREWARMING-*",
                "arn:aws-cn:cloudformation:*:*:stack/StackSet-NVSGISGLB-IAM-RSSTST-PREWARMING-*"
            ]
        },
        {
            "Sid": "Policy2",
            "Effect": "Allow",
            "Action": [
                "sns:ListTagsForResource",
                "sns:ListSubscriptionsByTopic",
                "sns:GetTopicAttributes",
                "sns:CreatePlatformApplication",
                "sns:CreateTopic",
                "sns:ListTopics",
                "sns:GetPlatformApplicationAttributes",
                "sns:CreatePlatformEndpoint",
                "sns:SetTopicAttributes",
                "sns:GetSubscriptionAttributes",
                "sns:ListSubscriptions",
                "sns:AddPermission",
                "sns:CheckIfPhoneNumberIsOptedOut",
                "sns:ListPhoneNumbersOptedOut",
                "sns:ListEndpointsByPlatformApplication",
                "sns:GetEndpointAttributes",
                "sns:SetSubscriptionAttributes",
                "sns:Publish",
                "sns:Subscribe",
                "sns:ConfirmSubscription",
                "sns:ListPlatformApplications",
                "sns:GetSMSAttributes",
                "sns:RemovePermission"
            ],
            "Resource": "*"
        },
        {
            "Sid": "Policy3",
            "Effect": "Allow",
            "Action": [
                "s3:PutObject",
                "s3:GetObject",
                "s3:CreateBucket",
                "s3:ListBucket"
            ],
            "Resource": "arn:aws-cn:s3:::cf-templates*"
        },
        {
            "Sid": "Policy4",
            "Effect": "Allow",
            "Action": [
                "iam:CreatePolicy",
                "iam:AttachRolePolicy",
                "iam:GetPolicy",
                "iam:CreatePolicyVersion",
                "iam:ListPolicyVersions",
                "iam:DeletePolicyVersion"
            ],
            "Resource": [
                "arn:aws-cn:iam::$ACCNUM:policy/PRCCCNAWSCFNSTACKSETDEVTSTEXECUTIONID02",
                "arn:aws-cn:iam::$ACCNUM:policy/PRCCCNAWSCFNSTACKSETDEVTSTRDRAIAMAPPEXEC",
                "arn:aws-cn:iam::$ACCNUM:policy/PRCCCNAWSCFNSTACKSETDEVTSTRSSIAMAPPEXEC",
                "arn:aws-cn:iam::$ACCNUM:policy/PRCCCNAWSCFNSTACKSETDEVTSTEXSBXIAMAPPEXEC",
                "arn:aws-cn:iam::$ACCNUM:policy/PRCCCNAWSCFNSTACKSETDEVTSTRSAPIAMAPPEXEC",
                "arn:aws-cn:iam::$ACCNUM:policy/PRCCCNAWSRDRAADM",
                "arn:aws-cn:iam::$ACCNUM:policy/PRCCCNAWSRSSADM",
                "arn:aws-cn:iam::$ACCNUM:policy/PCTRCNAWSCTRLGS",
                "arn:aws-cn:iam::$ACCNUM:policy/PRCCCNAWSIAMMASTER",
                "arn:aws-cn:iam::$ACCNUM:policy/PRCCCNAWSQUALYSCONN"
            ]
        },
        {
            "Action": [
                "iam:GetRole",
                "iam:PassRole",
                "servicecatalog:Describe*",
                "servicecatalog:List*",
                "servicecatalog:Scan*",
                "servicecatalog:Search*",
                "servicecatalog:AssociatePrincipalWithPortfolio",
                "servicecatalog:DisassociatePrincipalFromPortfolio",
                "servicecatalog:AssociateProductWithPortfolio",
                "servicecatalog:DisassociateProductFromPortfolio",
                "servicecatalog:AcceptPortfolioShare",
                "servicecatalog:RejectPortfolioShare",
                "servicecatalog:CreatePortfolio",
                "servicecatalog:UpdatePortfolio",
                "servicecatalog:DeletePortfolio",
                "servicecatalog:CreateTagOption",
                "servicecatalog:UpdateTagOption",
                "servicecatalog:DeleteTagOption",
                "servicecatalog:AssociateTagOptionWithResource",
                "servicecatalog:DisassociateTagOptionFromResource",
                "servicecatalog:CreateConstraint",
                "servicecatalog:UpdateConstraint",
                "servicecatalog:DeleteConstraint"
            ],
            "Sid": "Policy5",
            "Effect": "Allow",
            "Resource": "*"
        },
        {
            "Sid": "Policy6",
            "Effect": "Allow",
            "Action": [
                "iam:CreateRole",
                "iam:GetRole",
                "iam:DeleteRole",
                "iam:UpdateRole",
                "iam:DetachRolePolicy",
                "iam:TagRole",
                "iam:UntagRole",
                "iam:AttachRolePolicy"
            ],
            "Resource": [
                "arn:aws-cn:iam::$ACCNUM:role/RRCCCN_AWS_RDRAADM",
                "arn:aws-cn:iam::$ACCNUM:role/RRCCCN_AWS_RDRA_ADM",
                "arn:aws-cn:iam::$ACCNUM:role/RRCCCN_AWS_RSSADM",
                "arn:aws-cn:iam::$ACCNUM:role/RRCCCN_AWS_RSS_ADM",
                "arn:aws-cn:iam::$ACCNUM:role/RCTRCN_AWS_CTRLGS",
                "arn:aws-cn:iam::$ACCNUM:role/RRCCCN_AWS_IAMMASTER",
                "arn:aws-cn:iam::$ACCNUM:role/RRCCCN_AWS_QUALYSCONN",
                "arn:aws-cn:iam::$ACCNUM:role/RRCCCN_AWS_INVENTORY",
                "arn:aws-cn:iam::$ACCNUM:role/RRCCCN_AWS_CFNSTACKSETDEVTSTEXECUTION",
                "arn:aws-cn:iam::$ACCNUM:role/RRCCCN_AWS_CFNSTACKSET*IAMAPPEXEC"
            ]
        }
    ]
}