{
    "AWSTemplateFormatVersion": "2010-09-09",
    "Description": "Cross Account Role for Dedicated Resource Account CFT Automation China Region",
    "Resources": {
        "RCTRCNAWSCTRLGS": {
            "Type": "AWS::IAM::Role",
            "Properties": {
                "RoleName": "RCTRCN_AWS_CTRLGS",
                "AssumeRolePolicyDocument": {
                    "Version": "2012-10-17",
                    "Statement": [
                        {
                            "Sid": "",
                            "Effect": "Allow",
                            "Principal": {
                                "Service": "cloudtrail.amazonaws.com.cn"
                            },
                            "Action": "sts:AssumeRole"
                        }
                    ]
                }
            }
        },
        "PCTRCNAWSCTRLGS": {
            "Type": "AWS::IAM::ManagedPolicy",
            "Properties": {
                "ManagedPolicyName": "PCTRCNAWSCTRLGS",
                "PolicyDocument": {
                    "Statement": [
                        {
                            "Effect": "Allow",
                            "Action": [
                                "logs:CancelExportTask",
                                "logs:CreateExportTask",
                                "logs:CreateLogGroup",
                                "logs:CreateLogStream",
                                "logs:DeleteDestination",
                                "logs:DeleteLogGroup",
                                "logs:DeleteLogStream",
                                "logs:DeleteMetricFilter",
                                "logs:DeleteRetentionPolicy",
                                "logs:DeleteSubscriptionFilter",
                                "logs:DescribeDestinations",
                                "logs:DescribeExportTasks",
                                "logs:DescribeLogGroups",
                                "logs:DescribeLogStreams",
                                "logs:DescribeMetricFilters",
                                "logs:DescribeSubscriptionFilters",
                                "logs:FilterLogEvents",
                                "logs:GetLogEvents",
                                "logs:PutDestination",
                                "logs:PutDestinationPolicy",
                                "logs:PutLogEvents",
                                "logs:PutMetricFilter",
                                "logs:PutRetentionPolicy",
                                "logs:PutSubscriptionFilter",
                                "logs:TestMetricFilter"
                            ],
                            "Resource": [
                                "*"
                            ]
                        },
                        {
                            "Sid": "AWSCloudTrailPutLogEvents20141101",
                            "Effect": "Allow",
                            "Action": [
                                "cloudtrail:CreateTrail",
                                "cloudtrail:DeleteTrail",
                                "cloudtrail:DescribeTrails",
                                "cloudtrail:GetTrailStatus",
                                "cloudtrail:LookupEvents",
                                "cloudtrail:StartLogging",
                                "cloudtrail:StopLogging",
                                "cloudtrail:UpdateTrail"
                            ],
                            "Resource": [
                                "*"
                            ]
                        }
                    ],
                    "Version": "2012-10-17"
                },
                "Roles": [
                    {
                        "Ref": "RCTRCNAWSCTRLGS"
                    }
                ]
            }
        },
        "RRCCCNAWSIAMMASTER": {
            "Type": "AWS::IAM::Role",
            "Properties": {
                "RoleName": "RRCCCN_AWS_IAMMASTER",
                "AssumeRolePolicyDocument": {
                    "Version": "2012-10-17",
                    "Statement": [
                        {
                            "Effect": "Allow",
                            "Principal": {
                                "AWS": "arn:aws-cn:iam::485361899167:role/RRCCCN_AWS_IAMMASTER"
                            },
                            "Action": "sts:AssumeRole"
                        }
                    ]
                }
            }
        },
        "PRCCCNAWSIAMMASTER": {
            "Type": "AWS::IAM::ManagedPolicy",
            "Properties": {
                "ManagedPolicyName": "PRCCCNAWSIAMMASTER",
                "PolicyDocument": {
                    "Statement": [
                        {
                            "Effect": "Allow",
                            "Action": [
                                "iam:UpdateAssumeRolePolicy",
                                "iam:DeactivateMFADevice",
                                "iam:CreateServiceSpecificCredential",
                                "iam:DeleteAccessKey",
                                "iam:List*",
                                "iam:DeleteGroup",
                                "iam:GenerateServiceLastAccessedDetails",
                                "iam:RemoveRoleFromInstanceProfile",
                                "iam:UpdateGroup",
                                "iam:CreateRole",
                                "iam:AttachRolePolicy",
                                "iam:PutRolePolicy",
                                "iam:AddRoleToInstanceProfile",
                                "iam:CreateLoginProfile",
                                "iam:SimulateCustomPolicy",
                                "iam:DetachRolePolicy",
                                "iam:SimulatePrincipalPolicy",
                                "iam:UploadSSHPublicKey",
                                "iam:DetachGroupPolicy",
                                "iam:DetachUserPolicy",
                                "iam:ChangePassword",
                                "iam:PutGroupPolicy",
                                "iam:UpdateLoginProfile",
                                "iam:UpdateServiceSpecificCredential",
                                "iam:CreateGroup",
                                "iam:DeleteUserPolicy",
                                "iam:AttachUserPolicy",
                                "iam:DeleteRole",
                                "iam:UpdateRoleDescription",
                                "iam:UpdateAccessKey",
                                "iam:UpdateSSHPublicKey",
                                "iam:DeleteServiceLinkedRole",
                                "iam:CreateInstanceProfile",
                                "iam:GenerateCredentialReport",
                                "iam:UntagRole",
                                "iam:TagRole",
                                "iam:ResetServiceSpecificCredential",
                                "iam:DeletePolicy",
                                "iam:DeleteSSHPublicKey",
                                "iam:CreateSAMLProvider",
                                "iam:CreateVirtualMFADevice",
                                "iam:CreateAccessKey",
                                "iam:PassRole",
                                "iam:Get*",
                                "iam:AddUserToGroup",
                                "iam:RemoveUserFromGroup",
                                "iam:DeleteRolePolicy",
                                "iam:EnableMFADevice",
                                "iam:ResyncMFADevice",
                                "iam:CreatePolicyVersion",
                                "iam:UpdateSAMLProvider",
                                "iam:DeleteLoginProfile",
                                "iam:DeleteInstanceProfile",
                                "iam:DeleteUser",
                                "iam:CreatePolicy",
                                "iam:CreateServiceLinkedRole",
                                "iam:DeleteVirtualMFADevice",
                                "iam:AttachGroupPolicy",
                                "iam:PutUserPolicy",
                                "iam:UpdateRole",
                                "iam:DeleteGroupPolicy",
                                "iam:DeleteServiceSpecificCredential",
                                "iam:DeletePolicyVersion",
                                "iam:DeleteSAMLProvider",
                                "iam:SetDefaultPolicyVersion"
                            ],
                            "Resource": "*"
                        }
                    ],
                    "Version": "2012-10-17"
                },
                "Roles": [
                    {
                        "Ref": "RRCCCNAWSIAMMASTER"
                    }
                ]
            }
        },
        "RIDYCNAWSHARVEST": {
            "Type": "AWS::IAM::Role",
            "Properties": {
                "RoleName": "RIDYCN_AWS_HARVEST",
                "MaxSessionDuration": "7200",
                "ManagedPolicyArns": [
                    "arn:aws-cn:iam::aws:policy/ReadOnlyAccess"
                ],
                "AssumeRolePolicyDocument": {
                    "Version": "2012-10-17",
                    "Statement": [
                        {
                            "Effect": "Allow",
                            "Principal": {
                                "AWS": "arn:aws-cn:iam::485323999369:user/sys_cnicsharvest"
                            },
                            "Action": "sts:AssumeRole"
                        }
                    ]
                }
            }
        },
        "PIDYCNAWSHARVESTDENY": {
            "Type": "AWS::IAM::ManagedPolicy",
            "Properties": {
                "ManagedPolicyName": "PIDYCNAWSHARVESTDENY",
                "PolicyDocument": {
                    "Statement": [
                        {
                            "Action": [
                                "airflow:GetEnvironment",
                                "airflow:ListEnvironments",
                                "apprunner:DescribeService",
                                "apprunner:ListServices",
                                "macie2:GetFindings",
                                "macie2:ListFindings",
                                "macie2:GetMacieSession",
                                "memorydb:DescribeClusters",
                                "memorydb:DescribeSubnetGroups",
                                "memorydb:ListTags",
                                "lightsail:GetContainerServices",
                                "pricing:GetProducts",
                                "s3:GetObjectAcl*",
                                "s3:GetObjectTagging*",
                                "timestream:DescribeEndpoints",
                                "timestream:ListDatabases",
                                "timestream:ListTables",
                                "support:*"
                            ],
                            "Effect": "Allow",
                            "Resource": "*",
                            "Sid": "AwsReadOnlyMissingPermissions"
                        },
                        {
                            "Action": [
                                "appsync:GetDataSource",
                                "amplify:GetJob",
                                "athena:GetDatabase",
                                "athena:GetTableMetadata",
                                "cognito-sync:QueryRecords",
                                "dms:DescribeTableStatistics",
                                "dynamodb:GetItem",
                                "dynamodb:GetRecords",
                                "dynamodb:DescribeBackup",
                                "dynamodb:BatchGetItem",
                                "dynamodb:GetShardIterator",
                                "dynamodb:Scan",
                                "dynamodb:Query",
                                "dynamodb:DescribeKinesisStreamingDestination",
                                "dataexchange:GetAsset",
                                "dataexchange:GetDataSet",
                                "dataexchange:GetJob",
                                "datapipeline:QueryObjects",
                                "dax:GetItem",
                                "dax:BatchGetItem",
                                "dax:Query",
                                "dax:Scan",
                                "devicefarm:GetJob",
                                "es:ESHttpGet",
                                "glue:GetJob",
                                "glue:GetJobs",
                                "glue:GetTable",
                                "glue:GetTables",
                                "inspector:GetTelemetryMetadata",
                                "glacier:GetJobOutput",
                                "kinesis:GetRecords",
                                "machinelearning:GetDataSource",
                                "logs:GetLogRecord",
                                "mediaconvert:ListJobs",
                                "lightsail:GetContainerAPIMetadata",
                                "qldb:DescribeJournalS3Export",
                                "qldb:GetBlock",
                                "qldb:GetRevision",
                                "rds:DownloadDBLogFilePortion",
                                "rds:DescribeDBLogFiles",
                                "redshift:DescribeQuery",
                                "redshift:DescribeSavedQueries",
                                "redshift:DescribeTable",
                                "s3:GetObject",
                                "s3:GetObjectLegalHold*",
                                "s3:GetObjectRetention*",
                                "s3:GetObjectTorrent*",
                                "s3:GetObjectVersion*",
                                "s3:GetObjectVersionForReplication*",
                                "s3:GetObjectVersionTagging*",
                                "s3:GetObjectVersionTorrent*",
                                "s3:GetInventoryConfiguration",
                                "snowball:GetJobManifest",
                                "sagemaker:GetRecord",
                                "ssm:GetInventory",
                                "ssm:GetOpsMetadata",
                                "workdocs:DescribeFolderContents",
                                "workdocs:GetDocument",
                                "xray:BatchGet*"
                            ],
                            "Effect": "Deny",
                            "Resource": "*",
                            "Sid": "DenyReadOnlyNovartisData"
                        }
                    ],
                    "Version": "2012-10-17"
                },
                "Roles": [
                    {
                        "Ref": "RIDYCNAWSHARVEST"
                    }
                ]
            }
        },
        "RRCCCNAWSINVENTORY": {
            "Type": "AWS::IAM::Role",
            "Properties": {
                "RoleName": "RRCCCN_AWS_INVENTORY",
                "ManagedPolicyArns": [
                    "arn:aws-cn:iam::aws:policy/ReadOnlyAccess"
                ],
                "AssumeRolePolicyDocument": {
                    "Version": "2012-10-17",
                    "Statement": [
                        {
                            "Effect": "Allow",
                            "Principal": {
                                "AWS": [
                                    "arn:aws-cn:iam::485361899167:role/RRCCCN_AWS_JENKINS"
                                ]
                            },
                            "Action": "sts:AssumeRole",
                            "Condition": {}
                        }
                    ]
                }
            }
        }
    },
    "Outputs": {
        "Role": {
            "Description": "Role Name",
            "Value": {
                "Ref": "RootRole1"
            }
        }
    }
}