{
    "AWSTemplateFormatVersion": "2010-09-09",
    "Description": "Cross Account Roles for DRA Account Automation",
    "Resources": {
        "PCTRAWSCTRLGS": {
            "Properties": {
                "ManagedPolicyName": "PCTRAWSCTRLGS",
                "PolicyDocument": {
                    "Statement": [
                        {
                            "Action": [
                                "cloudtrail:CreateTrail",
                                "cloudtrail:DeleteTrail",
                                "cloudtrail:DescribeTrails",
                                "cloudtrail:GetTrailStatus",
                                "cloudtrail:LookupEvents",
                                "cloudtrail:StartLogging",
                                "cloudtrail:StopLogging",
                                "cloudtrail:UpdateTrail"
                            ],
                            "Effect": "Allow",
                            "Resource": [
                                "*"
                            ],
                            "Sid": "AWSCloudTrailPutLogEvents20141101"
                        },
                        {
                            "Action": [
                                "logs:CancelExportTask",
                                "logs:CreateExportTask",
                                "logs:CreateLogGroup",
                                "logs:CreateLogStream",
                                "logs:DeleteDestination",
                                "logs:DeleteLogGroup",
                                "logs:DeleteLogStream",
                                "logs:DeleteMetricFilter",
                                "logs:DeleteRetentionPolicy",
                                "logs:DeleteSubscriptionFilter",
                                "logs:DescribeDestinations",
                                "logs:DescribeExportTasks",
                                "logs:DescribeLogGroups",
                                "logs:DescribeLogStreams",
                                "logs:DescribeMetricFilters",
                                "logs:DescribeSubscriptionFilters",
                                "logs:FilterLogEvents",
                                "logs:GetLogEvents",
                                "logs:PutDestination",
                                "logs:PutDestinationPolicy",
                                "logs:PutLogEvents",
                                "logs:PutMetricFilter",
                                "logs:PutRetentionPolicy",
                                "logs:PutSubscriptionFilter",
                                "logs:TestMetricFilter"
                            ],
                            "Effect": "Allow",
                            "Resource": [
                                "*"
                            ]
                        }
                    ],
                    "Version": "2012-10-17"
                },
                "Roles": [
                    {
                        "Ref": "RCTRAWSCTRLGS"
                    }
                ]
            },
            "Type": "AWS::IAM::ManagedPolicy"
        },
        "PIDYAWSGLOBALJIT01": {
            "Properties": {
                "ManagedPolicyName": "PIDYAWSGLOBALJIT01",
                "PolicyDocument": {
                    "Statement": [
                        {
                            "Action": "iam:List*",
                            "Effect": "Allow",
                            "Resource": "*"
                        }
                    ],
                    "Version": "2012-10-17"
                },
                "Roles": [
                    {
                        "Ref": "RIDYAWSAWSGLOBALJIT01"
                    }
                ]
            },
            "Type": "AWS::IAM::ManagedPolicy"
        },
        "PRCCAWSQUALYSCONN": {
            "Properties": {
                "ManagedPolicyName": "PRCCAWSQUALYSCONN",
                "PolicyDocument": {
                    "Statement": [
                        {
                            "Action": [
                                "ec2:DescribeAddresses",
                                "ec2:DescribeImages",
                                "ec2:DescribeInstances"
                            ],
                            "Effect": "Allow",
                            "Resource": "*"
                        }
                    ],
                    "Version": "2012-10-17"
                },
                "Roles": [
                    {
                        "Ref": "RRCCAWSQUALYSCONN"
                    }
                ]
            },
            "Type": "AWS::IAM::ManagedPolicy"
        },
        "RRCCAWSIAMMASTER": {
            "Type": "AWS::IAM::Role",
            "Properties": {
                "RoleName": "RRCC_AWS_IAMMASTER",
                "AssumeRolePolicyDocument": {
                    "Version": "2012-10-17",
                    "Statement": [
                        {
                            "Effect": "Allow",
                            "Principal": {
                                "AWS": "arn:aws:iam::304512965277:role/RRCC_AWS_IAMMASTER"
                            },
                            "Action": "sts:AssumeRole"
                        }
                    ]
                }
            }
        },
        "PRCCAWSIAMMASTER": {
            "Type": "AWS::IAM::ManagedPolicy",
            "Properties": {
                "ManagedPolicyName": "PRCCAWSIAMMASTER",
                "PolicyDocument": {
                    "Statement": [
                        {
                            "Effect": "Allow",
                            "Action": [
                                "iam:UpdateAssumeRolePolicy",
                                "iam:DeactivateMFADevice",
                                "iam:CreateServiceSpecificCredential",
                                "iam:DeleteAccessKey",
                                "iam:List*",
                                "iam:DeleteGroup",
                                "iam:GenerateServiceLastAccessedDetails",
                                "iam:RemoveRoleFromInstanceProfile",
                                "iam:UpdateGroup",
                                "iam:CreateRole",
                                "iam:AttachRolePolicy",
                                "iam:PutRolePolicy",
                                "iam:AddRoleToInstanceProfile",
                                "iam:CreateLoginProfile",
                                "iam:SimulateCustomPolicy",
                                "iam:DetachRolePolicy",
                                "iam:SimulatePrincipalPolicy",
                                "iam:UploadSSHPublicKey",
                                "iam:DetachGroupPolicy",
                                "iam:DetachUserPolicy",
                                "iam:ChangePassword",
                                "iam:PutGroupPolicy",
                                "iam:UpdateLoginProfile",
                                "iam:UpdateServiceSpecificCredential",
                                "iam:CreateGroup",
                                "iam:DeleteUserPolicy",
                                "iam:AttachUserPolicy",
                                "iam:DeleteRole",
                                "iam:UpdateRoleDescription",
                                "iam:UpdateAccessKey",
                                "iam:UpdateSSHPublicKey",
                                "iam:DeleteServiceLinkedRole",
                                "iam:CreateInstanceProfile",
                                "iam:GenerateCredentialReport",
                                "iam:UntagRole",
                                "iam:TagRole",
                                "iam:ResetServiceSpecificCredential",
                                "iam:DeletePolicy",
                                "iam:DeleteSSHPublicKey",
                                "iam:CreateSAMLProvider",
                                "iam:CreateVirtualMFADevice",
                                "iam:CreateAccessKey",
                                "iam:PassRole",
                                "iam:Get*",
                                "iam:AddUserToGroup",
                                "iam:RemoveUserFromGroup",
                                "iam:DeleteRolePolicy",
                                "iam:EnableMFADevice",
                                "iam:ResyncMFADevice",
                                "iam:CreatePolicyVersion",
                                "iam:UpdateSAMLProvider",
                                "iam:DeleteLoginProfile",
                                "iam:DeleteInstanceProfile",
                                "iam:DeleteUser",
                                "iam:CreatePolicy",
                                "iam:CreateServiceLinkedRole",
                                "iam:DeleteVirtualMFADevice",
                                "iam:AttachGroupPolicy",
                                "iam:PutUserPolicy",
                                "iam:UpdateRole",
                                "iam:DeleteGroupPolicy",
                                "iam:DeleteServiceSpecificCredential",
                                "iam:DeletePolicyVersion",
                                "iam:DeleteSAMLProvider",
                                "iam:SetDefaultPolicyVersion"
                            ],
                            "Resource": "*"
                        }
                    ],
                    "Version": "2012-10-17"
                },
                "Roles": [
                    {
                        "Ref": "RRCCAWSIAMMASTER"
                    }
                ]
            }
        },
        "RCTRAWSCTRLGS": {
            "Properties": {
                "AssumeRolePolicyDocument": {
                    "Statement": [
                        {
                            "Action": "sts:AssumeRole",
                            "Effect": "Allow",
                            "Principal": {
                                "Service": "cloudtrail.amazonaws.com"
                            },
                            "Sid": ""
                        }
                    ],
                    "Version": "2012-10-17"
                },
                "RoleName": "RCTR_AWS_CTRLGS"
            },
            "Type": "AWS::IAM::Role"
        },
        "RIDYAWSAWSGLOBALJIT01": {
            "Properties": {
                "AssumeRolePolicyDocument": {
                    "Statement": [
                        {
                            "Action": "sts:AssumeRole",
                            "Condition": {},
                            "Effect": "Allow",
                            "Principal": {
                                "AWS": "arn:aws:iam::290804939824:role/RIDY_AWS_AWSGLOBALJIT01"
                            }
                        }
                    ],
                    "Version": "2012-10-17"
                },
                "ManagedPolicyArns": [
                    "arn:aws:iam::aws:policy/ReadOnlyAccess"
                ],
                "RoleName": "RIDY_AWS_AWSGLOBALJIT01"
            },
            "Type": "AWS::IAM::Role"
        },
        "RRCCAWSINVENTORY": {
            "Properties": {
                "AssumeRolePolicyDocument": {
                    "Statement": [
                        {
                            "Action": "sts:AssumeRole",
                            "Condition": {},
                            "Effect": "Allow",
                            "Principal": {
                                "AWS": [
                                    "arn:aws:iam::304512965277:role/RRCC_AWS_CLOUDNOW_API",
                                    "arn:aws:iam::304512965277:role/RRCC_AWS_JENKINSUSRSERVER"
                                ]
                            }
                        }
                    ],
                    "Version": "2012-10-17"
                },
                "ManagedPolicyArns": [
                    "arn:aws:iam::aws:policy/ReadOnlyAccess"
                ],
                "RoleName": "RRCC_AWS_INVENTORY"
            },
            "Type": "AWS::IAM::Role"
        },
        "RRCCAWSQUALYSCONN": {
            "Properties": {
                "AssumeRolePolicyDocument": {
                    "Statement": [
                        {
                            "Action": "sts:AssumeRole",
                            "Condition": {
                                "StringEquals": {
                                    "sts:ExternalId": "100800000000001"
                                }
                            },
                            "Effect": "Allow",
                            "Principal": {
                                "AWS": "arn:aws:iam::805950163170:root"
                            },
                            "Sid": ""
                        }
                    ],
                    "Version": "2012-10-17"
                },
                "RoleName": "RRCC_AWS_QUALYSCONN"
            },
            "Type": "AWS::IAM::Role"
        },
        "RRDVYRAWSHARVEST": {
            "Type": "AWS::IAM::Role",
            "Properties": {
                "RoleName": "RRDVYR_AWS_HARVEST",
                "ManagedPolicyArns": [
                    "arn:aws:iam::aws:policy/ReadOnlyAccess"
                ],
                "AssumeRolePolicyDocument": {
                    "Version": "2012-10-17",
                    "Statement": [
                        {
                            "Effect": "Allow",
                            "Principal": {
                                "AWS": "arn:aws:iam::387446758255:role/RRDVYR_AWS_APP_INSTALL"
                            },
                            "Action": "sts:AssumeRole",
                            "Condition": {}
                        }
                    ]
                }
            }
        },
        "PDVYRAWSHARVESTEDH": {
            "Type": "AWS::IAM::ManagedPolicy",
            "Properties": {
                "ManagedPolicyName": "PDVYRAWSHARVESTEDH",
                "PolicyDocument": {
                    "Version": "2012-10-17",
                    "Statement": [
                        {
                            "Action": [
                                "events:DeleteRule",
                                "events:DescribeRule",
                                "events:PutRule",
                                "events:PutTargets",
                                "events:RemoveTargets"
                            ],
                            "Resource": [
                                "arn:aws:events:*:*:rule/divvycloud-events*"
                            ],
                            "Effect": "Allow"
                        },
                        {
                            "Action": [
                                "organizations:DescribeOrganization"
                            ],
                            "Resource": "*",
                            "Effect": "Allow"
                        },
                        {
                            "Action": [
                                "iam:CreateRole",
                                "iam:AttachRolePolicy",
                                "iam:PassRole"
                            ],
                            "Resource": [
                                "arn:aws:iam::*:role/service-role/event-driven-harvest/divvycloud-eventbus-role"
                            ],
                            "Effect": "Allow"
                        },
                        {
                            "Action": [
                                "iam:CreatePolicy",
                                "iam:CreatePolicyVersion",
                                "iam:DeletePolicyVersion"
                            ],
                            "Resource": [
                                "arn:aws:iam::*:policy/service-role/event-driven-harvest/divvycloud-eventbus-policy"
                            ],
                            "Effect": "Allow"
                        },
                        {
                            "Action": [
                                "iam:GetPolicy"
                            ],
                            "Resource": [
                                "*"
                            ],
                            "Effect": "Allow"
                        }
                    ]
                },
                "Roles": [
                    {
                        "Ref": "RRDVYRAWSHARVEST"
                    }
                ]
            }
        },
        "PDVYRAWSHARVESTEDHCONSUMER": {
            "Type": "AWS::IAM::ManagedPolicy",
            "Properties": {
                "ManagedPolicyName": "PDVYRAWSHARVESTEDHCONSUMER",
                "PolicyDocument": {
                    "Version": "2012-10-17",
                    "Statement": [
                        {
                            "Condition": {
                                "StringEquals": {
                                    "aws:PrincipalAccount": "387446758255"
                                }
                            },
                            "Action": [
                                "events:DeleteRule",
                                "events:DescribeRule",
                                "events:PutRule",
                                "events:PutTargets",
                                "events:RemoveTargets"
                            ],
                            "Resource": [
                                "arn:aws:events:*:387446758255:rule/divvycloud*"
                            ],
                            "Effect": "Allow"
                        },
                        {
                            "Condition": {
                                "StringEquals": {
                                    "aws:PrincipalAccount": "387446758255"
                                }
                            },
                            "Action": [
                                "sqs:CreateQueue",
                                "sqs:DeleteQueue",
                                "sqs:ListQueues",
                                "sqs:ReceiveMessage",
                                "sqs:DeleteMessage",
                                "sqs:DeleteMessageBatch",
                                "sqs:SetQueueAttributes"
                            ],
                            "Resource": [
                                "arn:aws:sqs:*:387446758255:divvycloud-event-aggregator-*.fifo"
                            ],
                            "Effect": "Allow"
                        },
                        {
                            "Condition": {
                                "StringEquals": {
                                    "aws:PrincipalAccount": "387446758255"
                                }
                            },
                            "Action": [
                                "events:PutPermission",
                                "events:RemovePermission"
                            ],
                            "Resource": [
                                "arn:aws:events:*:387446758255:event-bus/default"
                            ],
                            "Effect": "Allow"
                        },
                        {
                            "Condition": {
                                "StringEquals": {
                                    "aws:PrincipalAccount": "387446758255"
                                }
                            },
                            "Action": [
                                "kms:Decrypt",
                                "kms:GenerateDataKey"
                            ],
                            "Resource": [
                                "arn:aws:kms:*:387446758255:alias/NVSGISRDVYR-CMK-EDH"
                            ],
                            "Effect": "Allow"
                        }
                    ]
                },
                "Roles": [
                    {
                        "Ref": "RRDVYRAWSHARVEST"
                    }
                ]
            }
        },
        "PRDVYRAWSHARVESTDENY": {
            "Type": "AWS::IAM::ManagedPolicy",
            "Properties": {
                "ManagedPolicyName": "PRDVYRAWSHARVESTDENY",
                "PolicyDocument": {
                    "Version": "2012-10-17",
                    "Statement": [
                        {
                            "Sid": "ICSREMEDIATIONBOTS",
                            "Action": [
                                "s3:PutBucketPolicy",
                                "ec2:DeleteInternetGateway",
                                "ec2:DetachInternetGateway",
                                "eks:UpdateClusterConfig",
                                "es:UpdateDomainConfig",
                                "sagemaker:DeleteNotebookInstance",
                                "sagemaker:StopNotebookInstance",
                                "kms:EnableKeyRotation"
                            ],
                            "Effect": "Allow",
                            "Resource": "*"
                        },
                        {
                            "Sid": "AwsReadOnlyMissingPermissions",
                            "Action": [
                                "airflow:GetEnvironment",
                                "aoss:BatchGetCollection",
                                "aoss:GetSecurityPolicy",
                                "aoss:ListCollections",
                                "aoss:ListSecurityPolicies",
                                "apprunner:DescribeService",
                                "apprunner:ListServices",
                                "backup-gateway:GetGateway",
                                "docdb-elastic:GetCluster",
                                "docdb-elastic:ListClusters",
                                "lookoutequipment:DescribeDataset",
                                "lookoutequipment:ListDatasets",
                                "memorydb:DescribeClusters",
                                "memorydb:DescribeSubnetGroups",
                                "memorydb:ListTags",
                                "oam:GetSinkPolicy",
                                "oam:ListLinks",
                                "oam:ListSinks",
                                "pricing:GetProducts",
                                "quicksight:DescribeAccountSettings",
                                "quicksight:DescribeAccountSubscription",
                                "quicksight:DescribeIpRestriction",
                                "quicksight:ListUsers",
                                "redshift-serverless:ListNamespaces",
                                "redshift-serverless:ListWorkgroups",
                                "s3:GetObjectAcl*",
                                "s3:GetObjectTagging*",
                                "support:*"
                            ],
                            "Effect": "Allow",
                            "Resource": "*"
                        },
                        {
                            "Sid": "DenyReadOnlyNovartisData",
                            "Action": [
                                "appsync:GetDataSource",
                                "amplify:GetJob",
                                "athena:GetDatabase",
                                "athena:GetTableMetadata",
                                "cognito-sync:QueryRecords",
                                "dms:DescribeTableStatistics",
                                "dynamodb:GetItem",
                                "dynamodb:GetRecords",
                                "dynamodb:DescribeBackup",
                                "dynamodb:BatchGetItem",
                                "dynamodb:GetShardIterator",
                                "dynamodb:Scan",
                                "dynamodb:Query",
                                "dynamodb:DescribeKinesisStreamingDestination",
                                "dataexchange:GetAsset",
                                "dataexchange:GetDataSet",
                                "dataexchange:GetJob",
                                "datapipeline:QueryObjects",
                                "dax:GetItem",
                                "dax:BatchGetItem",
                                "dax:Query",
                                "dax:Scan",
                                "devicefarm:GetJob",
                                "es:ESHttpGet",
                                "glue:GetJob",
                                "glue:GetJobs",
                                "glue:GetTable",
                                "glue:GetTables",
                                "inspector:GetTelemetryMetadata",
                                "glacier:GetJobOutput",
                                "kinesis:GetRecords",
                                "machinelearning:GetDataSource",
                                "logs:GetLogRecord",
                                "mediaconvert:ListJobs",
                                "lightsail:GetContainerAPIMetadata",
                                "qldb:DescribeJournalS3Export",
                                "qldb:GetBlock",
                                "qldb:GetRevision",
                                "rds:DownloadDBLogFilePortion",
                                "rds:DescribeDBLogFiles",
                                "redshift:DescribeQuery",
                                "redshift:DescribeSavedQueries",
                                "redshift:DescribeTable",
                                "s3:GetObject",
                                "s3:GetObjectLegalHold*",
                                "s3:GetObjectRetention*",
                                "s3:GetObjectTorrent*",
                                "s3:GetObjectVersion*",
                                "s3:GetObjectVersionForReplication*",
                                "s3:GetObjectVersionTagging*",
                                "s3:GetObjectVersionTorrent*",
                                "s3:GetInventoryConfiguration",
                                "snowball:GetJobManifest",
                                "sagemaker:GetRecord",
                                "ssm:GetInventory",
                                "ssm:GetOpsMetadata",
                                "workdocs:DescribeFolderContents",
                                "workdocs:GetDocument",
                                "xray:BatchGet*"
                            ],
                            "Effect": "Deny",
                            "Resource": "*"
                        }
                    ]
                },
                "Roles": [
                    {
                        "Ref": "RRDVYRAWSHARVEST"
                    }
                ]
            }
        },
        "RRDVYRAWSHARVESTDEV": {
            "Type": "AWS::IAM::Role",
            "Properties": {
                "RoleName": "RRDVYR_AWS_HARVEST_DEV",
                "ManagedPolicyArns": [
                    "arn:aws:iam::aws:policy/ReadOnlyAccess"
                ],
                "AssumeRolePolicyDocument": {
                    "Version": "2012-10-17",
                    "Statement": [
                        {
                            "Effect": "Allow",
                            "Principal": {
                                "AWS": "arn:aws:iam::099500901004:role/RRDVYR_AWS_APP_INSTALL"
                            },
                            "Action": "sts:AssumeRole",
                            "Condition": {}
                        }
                    ]
                }
            }
        },
        "PDVYRAWSHARVESTEDHDEV": {
            "Type": "AWS::IAM::ManagedPolicy",
            "Properties": {
                "ManagedPolicyName": "PDVYRAWSHARVESTEDHDEV",
                "PolicyDocument": {
                    "Version": "2012-10-17",
                    "Statement": [
                        {
                            "Action": [
                                "events:DeleteRule",
                                "events:DescribeRule",
                                "events:PutRule",
                                "events:PutTargets",
                                "events:RemoveTargets"
                            ],
                            "Resource": [
                                "arn:aws:events:*:*:rule/divvycloud-events*"
                            ],
                            "Effect": "Allow"
                        },
                        {
                            "Action": [
                                "organizations:DescribeOrganization"
                            ],
                            "Resource": "*",
                            "Effect": "Allow"
                        },
                        {
                            "Action": [
                                "iam:CreateRole",
                                "iam:AttachRolePolicy",
                                "iam:PassRole"
                            ],
                            "Resource": [
                                "arn:aws:iam::*:role/service-role/event-driven-harvest/divvycloud-eventbus-role"
                            ],
                            "Effect": "Allow"
                        },
                        {
                            "Action": [
                                "iam:CreatePolicy",
                                "iam:CreatePolicyVersion",
                                "iam:DeletePolicyVersion"
                            ],
                            "Resource": [
                                "arn:aws:iam::*:policy/service-role/event-driven-harvest/divvycloud-eventbus-policy"
                            ],
                            "Effect": "Allow"
                        },
                        {
                            "Action": [
                                "iam:GetPolicy"
                            ],
                            "Resource": [
                                "*"
                            ],
                            "Effect": "Allow"
                        }
                    ]
                },
                "Roles": [
                    {
                        "Ref": "RRDVYRAWSHARVESTDEV"
                    }
                ]
            }
        },
        "PDVYRAWSHARVESTEDHCONSUMERDEV": {
            "Type": "AWS::IAM::ManagedPolicy",
            "Properties": {
                "ManagedPolicyName": "PDVYRAWSHARVESTEDHCONSUMERDEV",
                "PolicyDocument": {
                    "Version": "2012-10-17",
                    "Statement": [
                        {
                            "Condition": {
                                "StringEquals": {
                                    "aws:PrincipalAccount": "387446758255"
                                }
                            },
                            "Action": [
                                "events:DeleteRule",
                                "events:DescribeRule",
                                "events:PutRule",
                                "events:PutTargets",
                                "events:RemoveTargets"
                            ],
                            "Resource": [
                                "arn:aws:events:*:387446758255:rule/divvycloud*"
                            ],
                            "Effect": "Allow"
                        },
                        {
                            "Condition": {
                                "StringEquals": {
                                    "aws:PrincipalAccount": "387446758255"
                                }
                            },
                            "Action": [
                                "sqs:CreateQueue",
                                "sqs:DeleteQueue",
                                "sqs:ListQueues",
                                "sqs:ReceiveMessage",
                                "sqs:DeleteMessage",
                                "sqs:DeleteMessageBatch",
                                "sqs:SetQueueAttributes"
                            ],
                            "Resource": [
                                "arn:aws:sqs:*:387446758255:divvycloud-event-aggregator-*.fifo"
                            ],
                            "Effect": "Allow"
                        },
                        {
                            "Condition": {
                                "StringEquals": {
                                    "aws:PrincipalAccount": "387446758255"
                                }
                            },
                            "Action": [
                                "events:PutPermission",
                                "events:RemovePermission"
                            ],
                            "Resource": [
                                "arn:aws:events:*:387446758255:event-bus/default"
                            ],
                            "Effect": "Allow"
                        },
                        {
                            "Condition": {
                                "StringEquals": {
                                    "aws:PrincipalAccount": "387446758255"
                                }
                            },
                            "Action": [
                                "kms:Decrypt",
                                "kms:GenerateDataKey"
                            ],
                            "Resource": [
                                "arn:aws:kms:*:387446758255:alias/NVSGISRDVYR-CMK-EDH"
                            ],
                            "Effect": "Allow"
                        }
                    ]
                },
                "Roles": [
                    {
                        "Ref": "RRDVYRAWSHARVESTDEV"
                    }
                ]
            }
        },
        "PRDVYRAWSHARVESTDENYDEV": {
            "Type": "AWS::IAM::ManagedPolicy",
            "Properties": {
                "ManagedPolicyName": "PRDVYRAWSHARVESTDENYDEV",
                "PolicyDocument": {
                    "Version": "2012-10-17",
                    "Statement": [
                        {
                            "Sid": "AwsReadOnlyMissingPermissions",
                            "Action": [
                                "airflow:GetEnvironment",
                                "aoss:BatchGetCollection",
                                "aoss:GetSecurityPolicy",
                                "aoss:ListCollections",
                                "aoss:ListSecurityPolicies",
                                "apprunner:DescribeService",
                                "apprunner:ListServices",
                                "backup-gateway:GetGateway",
                                "docdb-elastic:GetCluster",
                                "docdb-elastic:ListClusters",
                                "lookoutequipment:DescribeDataset",
                                "lookoutequipment:ListDatasets",
                                "memorydb:DescribeClusters",
                                "memorydb:DescribeSubnetGroups",
                                "memorydb:ListTags",
                                "oam:GetSinkPolicy",
                                "oam:ListLinks",
                                "oam:ListSinks",
                                "pricing:GetProducts",
                                "quicksight:DescribeAccountSettings",
                                "quicksight:DescribeAccountSubscription",
                                "quicksight:DescribeIpRestriction",
                                "quicksight:ListUsers",
                                "redshift-serverless:ListNamespaces",
                                "redshift-serverless:ListWorkgroups",
                                "s3:GetObjectAcl*",
                                "s3:GetObjectTagging*",
                                "support:*"
                            ],
                            "Effect": "Allow",
                            "Resource": "*"
                        },
                        {
                            "Sid": "DenyReadOnlyNovartisData",
                            "Action": [
                                "appsync:GetDataSource",
                                "amplify:GetJob",
                                "athena:GetDatabase",
                                "athena:GetTableMetadata",
                                "cognito-sync:QueryRecords",
                                "dms:DescribeTableStatistics",
                                "dynamodb:GetItem",
                                "dynamodb:GetRecords",
                                "dynamodb:DescribeBackup",
                                "dynamodb:BatchGetItem",
                                "dynamodb:GetShardIterator",
                                "dynamodb:Scan",
                                "dynamodb:Query",
                                "dynamodb:DescribeKinesisStreamingDestination",
                                "dataexchange:GetAsset",
                                "dataexchange:GetDataSet",
                                "dataexchange:GetJob",
                                "datapipeline:QueryObjects",
                                "dax:GetItem",
                                "dax:BatchGetItem",
                                "dax:Query",
                                "dax:Scan",
                                "devicefarm:GetJob",
                                "es:ESHttpGet",
                                "glue:GetJob",
                                "glue:GetJobs",
                                "glue:GetTable",
                                "glue:GetTables",
                                "inspector:GetTelemetryMetadata",
                                "glacier:GetJobOutput",
                                "kinesis:GetRecords",
                                "machinelearning:GetDataSource",
                                "logs:GetLogRecord",
                                "mediaconvert:ListJobs",
                                "lightsail:GetContainerAPIMetadata",
                                "qldb:DescribeJournalS3Export",
                                "qldb:GetBlock",
                                "qldb:GetRevision",
                                "rds:DownloadDBLogFilePortion",
                                "rds:DescribeDBLogFiles",
                                "redshift:DescribeQuery",
                                "redshift:DescribeSavedQueries",
                                "redshift:DescribeTable",
                                "s3:GetObject",
                                "s3:GetObjectLegalHold*",
                                "s3:GetObjectRetention*",
                                "s3:GetObjectTorrent*",
                                "s3:GetObjectVersion*",
                                "s3:GetObjectVersionForReplication*",
                                "s3:GetObjectVersionTagging*",
                                "s3:GetObjectVersionTorrent*",
                                "s3:GetInventoryConfiguration",
                                "snowball:GetJobManifest",
                                "sagemaker:GetRecord",
                                "ssm:GetInventory",
                                "ssm:GetOpsMetadata",
                                "workdocs:DescribeFolderContents",
                                "workdocs:GetDocument",
                                "xray:BatchGet*"
                            ],
                            "Effect": "Deny",
                            "Resource": "*"
                        }
                    ]
                },
                "Roles": [
                    {
                        "Ref": "RRDVYRAWSHARVESTDEV"
                    }
                ]
            }
        },
        "RRDVYRAWSHARVESTQA": {
            "Type": "AWS::IAM::Role",
            "Properties": {
                "RoleName": "RRDVYR_AWS_HARVEST_QA",
                "ManagedPolicyArns": [
                    "arn:aws:iam::aws:policy/ReadOnlyAccess"
                ],
                "AssumeRolePolicyDocument": {
                    "Version": "2012-10-17",
                    "Statement": [
                        {
                            "Effect": "Allow",
                            "Principal": {
                                "AWS": "arn:aws:iam::113293020540:role/RRDVYR_AWS_APP_INSTALL"
                            },
                            "Action": "sts:AssumeRole",
                            "Condition": {}
                        }
                    ]
                }
            }
        },
        "PDVYRAWSHARVESTEDHQA": {
            "Type": "AWS::IAM::ManagedPolicy",
            "Properties": {
                "ManagedPolicyName": "PDVYRAWSHARVESTEDHQA",
                "PolicyDocument": {
                    "Version": "2012-10-17",
                    "Statement": [
                        {
                            "Action": [
                                "events:DeleteRule",
                                "events:DescribeRule",
                                "events:PutRule",
                                "events:PutTargets",
                                "events:RemoveTargets"
                            ],
                            "Resource": [
                                "arn:aws:events:*:*:rule/divvycloud-events*"
                            ],
                            "Effect": "Allow"
                        },
                        {
                            "Action": [
                                "organizations:DescribeOrganization"
                            ],
                            "Resource": "*",
                            "Effect": "Allow"
                        },
                        {
                            "Action": [
                                "iam:CreateRole",
                                "iam:AttachRolePolicy",
                                "iam:PassRole"
                            ],
                            "Resource": [
                                "arn:aws:iam::*:role/service-role/event-driven-harvest/divvycloud-eventbus-role"
                            ],
                            "Effect": "Allow"
                        },
                        {
                            "Action": [
                                "iam:CreatePolicy",
                                "iam:CreatePolicyVersion",
                                "iam:DeletePolicyVersion"
                            ],
                            "Resource": [
                                "arn:aws:iam::*:policy/service-role/event-driven-harvest/divvycloud-eventbus-policy"
                            ],
                            "Effect": "Allow"
                        },
                        {
                            "Action": [
                                "iam:GetPolicy"
                            ],
                            "Resource": [
                                "*"
                            ],
                            "Effect": "Allow"
                        }
                    ]
                },
                "Roles": [
                    {
                        "Ref": "RRDVYRAWSHARVESTQA"
                    }
                ]
            }
        },
        "PDVYRAWSHARVESTEDHCONSUMERQA": {
            "Type": "AWS::IAM::ManagedPolicy",
            "Properties": {
                "ManagedPolicyName": "PDVYRAWSHARVESTEDHCONSUMERQA",
                "PolicyDocument": {
                    "Version": "2012-10-17",
                    "Statement": [
                        {
                            "Condition": {
                                "StringEquals": {
                                    "aws:PrincipalAccount": "387446758255"
                                }
                            },
                            "Action": [
                                "events:DeleteRule",
                                "events:DescribeRule",
                                "events:PutRule",
                                "events:PutTargets",
                                "events:RemoveTargets"
                            ],
                            "Resource": [
                                "arn:aws:events:*:387446758255:rule/divvycloud*"
                            ],
                            "Effect": "Allow"
                        },
                        {
                            "Condition": {
                                "StringEquals": {
                                    "aws:PrincipalAccount": "387446758255"
                                }
                            },
                            "Action": [
                                "sqs:CreateQueue",
                                "sqs:DeleteQueue",
                                "sqs:ListQueues",
                                "sqs:ReceiveMessage",
                                "sqs:DeleteMessage",
                                "sqs:DeleteMessageBatch",
                                "sqs:SetQueueAttributes"
                            ],
                            "Resource": [
                                "arn:aws:sqs:*:387446758255:divvycloud-event-aggregator-*.fifo"
                            ],
                            "Effect": "Allow"
                        },
                        {
                            "Condition": {
                                "StringEquals": {
                                    "aws:PrincipalAccount": "387446758255"
                                }
                            },
                            "Action": [
                                "events:PutPermission",
                                "events:RemovePermission"
                            ],
                            "Resource": [
                                "arn:aws:events:*:387446758255:event-bus/default"
                            ],
                            "Effect": "Allow"
                        },
                        {
                            "Condition": {
                                "StringEquals": {
                                    "aws:PrincipalAccount": "387446758255"
                                }
                            },
                            "Action": [
                                "kms:Decrypt",
                                "kms:GenerateDataKey"
                            ],
                            "Resource": [
                                "arn:aws:kms:*:387446758255:alias/NVSGISRDVYR-CMK-EDH"
                            ],
                            "Effect": "Allow"
                        }
                    ]
                },
                "Roles": [
                    {
                        "Ref": "RRDVYRAWSHARVESTQA"
                    }
                ]
            }
        },
        "PRDVYRAWSHARVESTDENYQA": {
            "Type": "AWS::IAM::ManagedPolicy",
            "Properties": {
                "ManagedPolicyName": "PRDVYRAWSHARVESTDENYQA",
                "PolicyDocument": {
                    "Version": "2012-10-17",
                    "Statement": [
                        {
                            "Sid": "AwsReadOnlyMissingPermissions",
                            "Action": [
                                "airflow:GetEnvironment",
                                "aoss:BatchGetCollection",
                                "aoss:GetSecurityPolicy",
                                "aoss:ListCollections",
                                "aoss:ListSecurityPolicies",
                                "apprunner:DescribeService",
                                "apprunner:ListServices",
                                "backup-gateway:GetGateway",
                                "docdb-elastic:GetCluster",
                                "docdb-elastic:ListClusters",
                                "lookoutequipment:DescribeDataset",
                                "lookoutequipment:ListDatasets",
                                "memorydb:DescribeClusters",
                                "memorydb:DescribeSubnetGroups",
                                "memorydb:ListTags",
                                "oam:GetSinkPolicy",
                                "oam:ListLinks",
                                "oam:ListSinks",
                                "pricing:GetProducts",
                                "quicksight:DescribeAccountSettings",
                                "quicksight:DescribeAccountSubscription",
                                "quicksight:DescribeIpRestriction",
                                "quicksight:ListUsers",
                                "redshift-serverless:ListNamespaces",
                                "redshift-serverless:ListWorkgroups",
                                "s3:GetObjectAcl*",
                                "s3:GetObjectTagging*",
                                "support:*"
                            ],
                            "Effect": "Allow",
                            "Resource": "*"
                        },
                        {
                            "Sid": "DenyReadOnlyNovartisData",
                            "Action": [
                                "appsync:GetDataSource",
                                "amplify:GetJob",
                                "athena:GetDatabase",
                                "athena:GetTableMetadata",
                                "cognito-sync:QueryRecords",
                                "dms:DescribeTableStatistics",
                                "dynamodb:GetItem",
                                "dynamodb:GetRecords",
                                "dynamodb:DescribeBackup",
                                "dynamodb:BatchGetItem",
                                "dynamodb:GetShardIterator",
                                "dynamodb:Scan",
                                "dynamodb:Query",
                                "dynamodb:DescribeKinesisStreamingDestination",
                                "dataexchange:GetAsset",
                                "dataexchange:GetDataSet",
                                "dataexchange:GetJob",
                                "datapipeline:QueryObjects",
                                "dax:GetItem",
                                "dax:BatchGetItem",
                                "dax:Query",
                                "dax:Scan",
                                "devicefarm:GetJob",
                                "es:ESHttpGet",
                                "glue:GetJob",
                                "glue:GetJobs",
                                "glue:GetTable",
                                "glue:GetTables",
                                "inspector:GetTelemetryMetadata",
                                "glacier:GetJobOutput",
                                "kinesis:GetRecords",
                                "machinelearning:GetDataSource",
                                "logs:GetLogRecord",
                                "mediaconvert:ListJobs",
                                "lightsail:GetContainerAPIMetadata",
                                "qldb:DescribeJournalS3Export",
                                "qldb:GetBlock",
                                "qldb:GetRevision",
                                "rds:DownloadDBLogFilePortion",
                                "rds:DescribeDBLogFiles",
                                "redshift:DescribeQuery",
                                "redshift:DescribeSavedQueries",
                                "redshift:DescribeTable",
                                "s3:GetObject",
                                "s3:GetObjectLegalHold*",
                                "s3:GetObjectRetention*",
                                "s3:GetObjectTorrent*",
                                "s3:GetObjectVersion*",
                                "s3:GetObjectVersionForReplication*",
                                "s3:GetObjectVersionTagging*",
                                "s3:GetObjectVersionTorrent*",
                                "s3:GetInventoryConfiguration",
                                "snowball:GetJobManifest",
                                "sagemaker:GetRecord",
                                "ssm:GetInventory",
                                "ssm:GetOpsMetadata",
                                "workdocs:DescribeFolderContents",
                                "workdocs:GetDocument",
                                "xray:BatchGet*"
                            ],
                            "Effect": "Deny",
                            "Resource": "*"
                        }
                    ]
                },
                "Roles": [
                    {
                        "Ref": "RRDVYRAWSHARVESTQA"
                    }
                ]
            }
        }
    }
}