{
    "AWSTemplateFormatVersion": "2010-09-09",
    "Description": "CrossAccountRoleforSBXAccountCFTAutomationChinaRegion",
    "Resources": {
        "RootRole": {
            "Type": "AWS::IAM::Role",
            "Properties": {
                "RoleName": "RRCCCN_AWS_EERSTDADM",
                "AssumeRolePolicyDocument": {
                    "Version": "2012-10-17",
                    "Statement": [
                        {
                            "Effect": "Allow",
                            "Principal": {
                                "AWS": "arn:aws-cn:iam::485361899167:role/RRCCCN_AWS_EERSTDADM"
                            },
                            "Action": "sts:AssumeRole"
                        }
                    ]
                }
            }
        },
        "AutomationRole": {
            "Type": "AWS::IAM::Role",
            "Properties": {
                "RoleName": "RRCCCN_AWS_EERSTD_ADM",
                "AssumeRolePolicyDocument": {
                    "Version": "2012-10-17",
                    "Statement": [
                        {
                            "Effect": "Allow",
                            "Principal": {
                                "AWS": "arn:aws-cn:iam::485361899167:role/RRCCCN_AWS_EERSTD_ADM"
                            },
                            "Action": "sts:AssumeRole"
                        }
                    ]
                }
            }
        },
        "RCTRCNAWSCTRLGS": {
            "Type": "AWS::IAM::Role",
            "Properties": {
                "RoleName": "RCTRCN_AWS_CTRLGS",
                "AssumeRolePolicyDocument": {
                    "Version": "2012-10-17",
                    "Statement": [
                        {
                            "Sid": "",
                            "Effect": "Allow",
                            "Principal": {
                                "Service": "cloudtrail.amazonaws.com.cn"
                            },
                            "Action": "sts:AssumeRole"
                        }
                    ]
                }
            }
        },
        "RRCCCNAWSQUALYSCONN": {
            "Type": "AWS::IAM::Role",
            "Properties": {
                "RoleName": "RRCCCN_AWS_QUALYSCONN",
                "AssumeRolePolicyDocument": {
                    "Version": "2012-10-17",
                    "Statement": [
                        {
                            "Sid": "",
                            "Effect": "Allow",
                            "Principal": {
                                "AWS": "arn:aws-cn:iam::485323999369:user/sys_cnqualys"
                            },
                            "Action": "sts:AssumeRole",
                            "Condition": {
                                "StringEquals": {
                                    "sts:ExternalId": "100800000000003"
                                }
                            }
                        }
                    ]
                }
            }
        },
        "RRCCCNAWSIAMMASTER": {
            "Type": "AWS::IAM::Role",
            "Properties": {
                "RoleName": "RRCCCN_AWS_IAMMASTER",
                "AssumeRolePolicyDocument": {
                    "Version": "2012-10-17",
                    "Statement": [
                        {
                            "Effect": "Allow",
                            "Principal": {
                                "AWS": "arn:aws-cn:iam::485361899167:role/RRCCCN_AWS_IAMMASTER"
                            },
                            "Action": "sts:AssumeRole"
                        }
                    ]
                }
            }
        },
        "PRCCCNAWSEERSTDADM": {
            "Type": "AWS::IAM::ManagedPolicy",
            "Properties": {
                "ManagedPolicyName": "PRCCCNAWSEERSTDADM",
                "PolicyDocument": {
                    "Statement": [
                        {
                            "Action": [
                                "cloudformation:CancelUpdateStack",
                                "cloudformation:ContinueUpdateRollback",
                                "cloudformation:Create*",
                                "iam:DeleteSAMLProvider",
                                "cloudformation:DeleteChangeSet",
                                "cloudformation:DeleteStack",
                                "cloudformation:Describe*",
                                "cloudformation:EstimateTemplateCost",
                                "cloudformation:ExecuteChangeSet",
                                "cloudformation:Get*",
                                "cloudformation:List*",
                                "cloudformation:PreviewStackUpdate",
                                "cloudformation:SetStackPolicy",
                                "cloudformation:SignalResource",
                                "cloudformation:UpdateStack",
                                "cloudformation:UpdateTerminationProtection",
                                "cloudformation:ValidateTemplate",
                                "s3:AbortMultipartUpload",
                                "s3:CreateBucket",
                                "s3:DeleteBucket",
                                "s3:DeleteBucketPolicy",
                                "s3:DeleteBucketWebsite",
                                "s3:Delete*",
                                "s3:Get*",
                                "s3:HeadBucket",
                                "s3:List*",
                                "s3:Put*",
                                "s3:ReplicateTags",
                                "iam:AddRoleToInstanceProfile",
                                "iam:AttachRolePolicy",
                                "iam:CreateInstanceProfile",
                                "iam:CreatePolicy",
                                "iam:CreatePolicyVersion",
                                "iam:CreateRole",
                                "iam:CreateSAMLProvider",
                                "iam:DeleteAccountPasswordPolicy",
                                "iam:DeleteInstanceProfile",
                                "iam:DeletePolicy",
                                "iam:DeletePolicyVersion",
                                "iam:DeleteRole",
                                "iam:DeleteRolePolicy",
                                "iam:DeleteSAMLProvider",
                                "iam:DetachRolePolicy",
                                "iam:GenerateCredentialReport",
                                "iam:Get*",
                                "iam:List*",
                                "iam:Tag*",
                                "iam:PassRole",
                                "iam:PutRolePolicy",
                                "iam:RemoveRoleFromInstanceProfile",
                                "iam:SetDefaultPolicyVersion",
                                "iam:UpdateAccountPasswordPolicy",
                                "iam:UpdateAssumeRolePolicy",
                                "iam:Update*",
                                "iam:CreateAccountAlias",
                                "iam:DeleteAccountAlias",
                                "cloudtrail:AddTags",
                                "cloudtrail:CreateTrail",
                                "cloudtrail:DeleteTrail",
                                "cloudtrail:Describe*",
                                "cloudtrail:Get*",
                                "cloudtrail:List*",
                                "cloudtrail:LookupEvents",
                                "cloudtrail:Put*",
                                "cloudtrail:RemoveTags",
                                "cloudtrail:StartLogging",
                                "cloudtrail:StopLogging",
                                "cloudtrail:UpdateTrail",
                                "config:DeleteConfigRule",
                                "config:DeleteConfigurationRecorder",
                                "config:DeleteDeliveryChannel",
                                "config:DeleteEvaluationResults",
                                "config:DeliverConfigSnapshot",
                                "config:Describe*",
                                "config:Get*",
                                "config:List*",
                                "config:Put*",
                                "config:*",
                                "config:StartConfigRulesEvaluation",
                                "config:StartConfigurationRecorder",
                                "config:StopConfigurationRecorder",
                                "kms:CancelKeyDeletion",
                                "kms:Create*",
                                "kms:Delete*",
                                "kms:Describe*",
                                "kms:Generate*",
                                "kms:Get*",
                                "kms:List*",
                                "kms:PutKeyPolicy",
                                "kms:Tag*",
                                "kms:EnableKeyRotation",
                                "kms:UntagResource",
                                "kms:UpdateAlias",
                                "ec2:AcceptVpcEndpointConnections",
                                "ec2:AcceptVpcPeeringConnection",
                                "ec2:AllocateAddress",
                                "ec2:AssignPrivateIpAddresses",
                                "ec2:AssociateAddress",
                                "ec2:AssociateDhcpOptions",
                                "ec2:AssociateRouteTable",
                                "ec2:AssociateSubnetCidrBlock",
                                "ec2:AssociateVpcCidrBlock",
                                "ec2:AttachInternetGateway",
                                "ec2:AttachNetworkInterface",
                                "ec2:AttachVpnGateway",
                                "ec2:AuthorizeSecurityGroupEgress",
                                "ec2:AuthorizeSecurityGroupIngress",
                                "ec2:CopyImage",
                                "ec2:CopySnapshot",
                                "ec2:Create*",
                                "ec2:Delete*",
                                "ec2:Describe*",
                                "ec2:Detach*",
                                "ec2:Enable*",
                                "ec2:Get*",
                                "ec2:Modify*",
                                "ec2:DeregisterImage",
                                "ec2:TerminateInstances",
                                "ec2:RunInstances",
                                "ec2:StopInstances",
                                "ec2:ReplaceRoute",
                                "ec2:ReplaceRouteTableAssociation",
                                "ec2:RevokeSecurityGroupEgress",
                                "ec2:RevokeSecurityGroupIngress",
                                "ec2:UnassignPrivateIpAddresses",
                                "ec2:UpdateSecurityGroupRuleDescriptionsEgress",
                                "ec2:UpdateSecurityGroupRuleDescriptionsIngress",
                                "ec2:CreateVpcPeeringConnection",
                                "ec2:Cancel*",
                                "ec2:ImportKeyPair",
                                "sns:ConfirmSubscription",
                                "sns:*",
                                "sns:Delete*",
                                "sns:Get*",
                                "sns:List*",
                                "sns:Publish",
                                "sns:RemovePermission",
                                "sns:Set*",
                                "sns:Subscribe",
                                "sns:Unsubscribe",
                                "rds:AddTagsToResource",
                                "rds:AuthorizeDBSecurityGroupIngress",
                                "rds:CopyDBParameterGroup",
                                "rds:CopyOptionGroup",
                                "rds:CreateDBClusterParameterGroup",
                                "rds:CreateDBSecurityGroup",
                                "rds:CreateDBSubnetGroup",
                                "rds:CreateOptionGroup",
                                "rds:Create*",
                                "rds:DeleteDBClusterParameterGroup",
                                "rds:DeleteDBParameterGroup",
                                "rds:DeleteDBSecurityGroup",
                                "rds:DeleteDBSubnetGroup",
                                "rds:DeleteOptionGroup",
                                "rds:Describe*",
                                "rds:List*",
                                "rds:Modify*",
                                "cloudwatch:DeleteAlarms",
                                "cloudwatch:Describe*",
                                "cloudwatch:EnableAlarmActions",
                                "cloudwatch:Get*",
                                "cloudwatch:List*",
                                "cloudwatch:Put*",
                                "cloudwatch:Set*",
                                "logs:AssociateKmsKey",
                                "logs:CancelExportTask",
                                "logs:Create*",
                                "logs:Delete*",
                                "logs:Describe*",
                                "logs:FilterLogEvents",
                                "logs:GetLogEvents",
                                "logs:ListTagsLogGroup",
                                "logs:Put*",
                                "logs:TagLogGroup",
                                "logs:TestMetricFilter",
                                "logs:UntagLogGroup",
                                "tag:*",
                                "sts:*",
                                "lambda:AddPermission",
                                "lambda:CreateEventSourceMapping",
                                "lambda:CreateFunction",
                                "lambda:GetEventSourceMapping",
                                "lambda:GetFunction",
                                "lambda:GetFunctionConfiguration",
                                "lambda:InvokeFunction",
                                "lambda:PublishVersion",
                                "lambda:TagResource",
                                "lambda:UpdateFunctionCode",
                                "lambda:GetAccountSettings",
                                "lambda:ListAliases",
                                "lambda:ListFunctions",
                                "lambda:UpdateFunctionConfiguration",
                                "route53:Associate*",
                                "route53resolver:Associate*",
                                "route53resolver:Get*",
                                "events:*",
                                "wellarchitected:ListWorkloads",
                                "wellarchitected:GetWorkload"
                            ],
                            "Effect": "Allow",
                            "Resource": "*"
                        }
                    ],
                    "Version": "2012-10-17"
                },
                "Roles": [
                    "RRCCCN_AWS_EERSTDADM"
                ]
            }
        },
        "PRCCCNAWSEERSTDADM1": {
            "Type": "AWS::IAM::ManagedPolicy",
            "Properties": {
                "ManagedPolicyName": "PRCCCNAWSEERSTD_ADM",
                "PolicyDocument": {
                    "Statement": [
                        {
                            "Action": [
                                "cloudformation:CancelUpdateStack",
                                "cloudformation:ContinueUpdateRollback",
                                "cloudformation:Create*",
                                "iam:DeleteSAMLProvider",
                                "cloudformation:DeleteChangeSet",
                                "cloudformation:DeleteStack",
                                "cloudformation:Describe*",
                                "cloudformation:EstimateTemplateCost",
                                "cloudformation:ExecuteChangeSet",
                                "cloudformation:Get*",
                                "cloudformation:List*",
                                "cloudformation:PreviewStackUpdate",
                                "cloudformation:SetStackPolicy",
                                "cloudformation:SignalResource",
                                "cloudformation:UpdateStack",
                                "cloudformation:UpdateTerminationProtection",
                                "cloudformation:ValidateTemplate",
                                "s3:AbortMultipartUpload",
                                "s3:CreateBucket",
                                "s3:DeleteBucket",
                                "s3:DeleteBucketPolicy",
                                "s3:DeleteBucketWebsite",
                                "s3:Delete*",
                                "s3:Get*",
                                "s3:HeadBucket",
                                "s3:List*",
                                "s3:Put*",
                                "s3:ReplicateTags",
                                "iam:AddRoleToInstanceProfile",
                                "iam:AttachRolePolicy",
                                "iam:CreateInstanceProfile",
                                "iam:CreatePolicy",
                                "iam:CreatePolicyVersion",
                                "iam:CreateRole",
                                "iam:CreateSAMLProvider",
                                "iam:DeleteAccountPasswordPolicy",
                                "iam:DeleteInstanceProfile",
                                "iam:DeletePolicy",
                                "iam:DeletePolicyVersion",
                                "iam:DeleteRole",
                                "iam:DeleteRolePolicy",
                                "iam:DeleteSAMLProvider",
                                "iam:DetachRolePolicy",
                                "iam:GenerateCredentialReport",
                                "iam:Get*",
                                "iam:List*",
                                "iam:Tag*",
                                "iam:PassRole",
                                "iam:PutRolePolicy",
                                "iam:RemoveRoleFromInstanceProfile",
                                "iam:SetDefaultPolicyVersion",
                                "iam:UpdateAccountPasswordPolicy",
                                "iam:UpdateAssumeRolePolicy",
                                "iam:Update*",
                                "iam:CreateAccountAlias",
                                "iam:DeleteAccountAlias",
                                "cloudtrail:AddTags",
                                "cloudtrail:CreateTrail",
                                "cloudtrail:DeleteTrail",
                                "cloudtrail:Describe*",
                                "cloudtrail:Get*",
                                "cloudtrail:List*",
                                "cloudtrail:LookupEvents",
                                "cloudtrail:Put*",
                                "cloudtrail:RemoveTags",
                                "cloudtrail:StartLogging",
                                "cloudtrail:StopLogging",
                                "cloudtrail:UpdateTrail",
                                "config:DeleteConfigRule",
                                "config:DeleteConfigurationRecorder",
                                "config:DeleteDeliveryChannel",
                                "config:DeleteEvaluationResults",
                                "config:DeliverConfigSnapshot",
                                "config:Describe*",
                                "config:Get*",
                                "config:List*",
                                "config:Put*",
                                "config:*",
                                "config:StartConfigRulesEvaluation",
                                "config:StartConfigurationRecorder",
                                "config:StopConfigurationRecorder",
                                "kms:CancelKeyDeletion",
                                "kms:Create*",
                                "kms:Delete*",
                                "kms:Describe*",
                                "kms:Generate*",
                                "kms:Get*",
                                "kms:List*",
                                "kms:PutKeyPolicy",
                                "kms:Tag*",
                                "kms:EnableKeyRotation",
                                "kms:UntagResource",
                                "kms:UpdateAlias",
                                "ec2:AcceptVpcEndpointConnections",
                                "ec2:AcceptVpcPeeringConnection",
                                "ec2:AllocateAddress",
                                "ec2:AssignPrivateIpAddresses",
                                "ec2:AssociateAddress",
                                "ec2:AssociateDhcpOptions",
                                "ec2:AssociateRouteTable",
                                "ec2:AssociateSubnetCidrBlock",
                                "ec2:AssociateVpcCidrBlock",
                                "ec2:AttachInternetGateway",
                                "ec2:AttachNetworkInterface",
                                "ec2:AttachVpnGateway",
                                "ec2:AuthorizeSecurityGroupEgress",
                                "ec2:AuthorizeSecurityGroupIngress",
                                "ec2:CopyImage",
                                "ec2:CopySnapshot",
                                "ec2:Create*",
                                "ec2:Delete*",
                                "ec2:Describe*",
                                "ec2:Detach*",
                                "ec2:Enable*",
                                "ec2:Get*",
                                "ec2:Modify*",
                                "ec2:DeregisterImage",
                                "ec2:TerminateInstances",
                                "ec2:RunInstances",
                                "ec2:StopInstances",
                                "ec2:ReplaceRoute",
                                "ec2:ReplaceRouteTableAssociation",
                                "ec2:RevokeSecurityGroupEgress",
                                "ec2:RevokeSecurityGroupIngress",
                                "ec2:UnassignPrivateIpAddresses",
                                "ec2:UpdateSecurityGroupRuleDescriptionsEgress",
                                "ec2:UpdateSecurityGroupRuleDescriptionsIngress",
                                "ec2:CreateVpcPeeringConnection",
                                "ec2:Cancel*",
                                "ec2:ImportKeyPair",
                                "sns:ConfirmSubscription",
                                "sns:*",
                                "sns:Delete*",
                                "sns:Get*",
                                "sns:List*",
                                "sns:Publish",
                                "sns:RemovePermission",
                                "sns:Set*",
                                "sns:Subscribe",
                                "sns:Unsubscribe",
                                "rds:AddTagsToResource",
                                "rds:AuthorizeDBSecurityGroupIngress",
                                "rds:CopyDBParameterGroup",
                                "rds:CopyOptionGroup",
                                "rds:CreateDBClusterParameterGroup",
                                "rds:CreateDBSecurityGroup",
                                "rds:CreateDBSubnetGroup",
                                "rds:CreateOptionGroup",
                                "rds:Create*",
                                "rds:DeleteDBClusterParameterGroup",
                                "rds:DeleteDBParameterGroup",
                                "rds:DeleteDBSecurityGroup",
                                "rds:DeleteDBSubnetGroup",
                                "rds:DeleteOptionGroup",
                                "rds:Describe*",
                                "rds:List*",
                                "rds:Modify*",
                                "cloudwatch:DeleteAlarms",
                                "cloudwatch:Describe*",
                                "cloudwatch:EnableAlarmActions",
                                "cloudwatch:Get*",
                                "cloudwatch:List*",
                                "cloudwatch:Put*",
                                "cloudwatch:Set*",
                                "logs:AssociateKmsKey",
                                "logs:CancelExportTask",
                                "logs:Create*",
                                "logs:Delete*",
                                "logs:Describe*",
                                "logs:FilterLogEvents",
                                "logs:GetLogEvents",
                                "logs:ListTagsLogGroup",
                                "logs:Put*",
                                "logs:TagLogGroup",
                                "logs:TestMetricFilter",
                                "logs:UntagLogGroup",
                                "tag:*",
                                "sts:*",
                                "lambda:AddPermission",
                                "lambda:CreateEventSourceMapping",
                                "lambda:CreateFunction",
                                "lambda:GetEventSourceMapping",
                                "lambda:GetFunction",
                                "lambda:GetFunctionConfiguration",
                                "lambda:InvokeFunction",
                                "lambda:PublishVersion",
                                "lambda:TagResource",
                                "lambda:UpdateFunctionCode",
                                "lambda:GetAccountSettings",
                                "lambda:ListAliases",
                                "lambda:ListFunctions",
                                "lambda:UpdateFunctionConfiguration",
                                "route53:Associate*",
                                "route53resolver:Associate*",
                                "route53resolver:Get*",
                                "events:*",
                                "wellarchitected:ListWorkloads",
                                "wellarchitected:GetWorkload"
                            ],
                            "Effect": "Allow",
                            "Resource": "*"
                        }
                    ],
                    "Version": "2012-10-17"
                },
                "Roles": [
                    "RRCCCN_AWS_EERSTD_ADM"
                ]
            }
        },
        "PCTRCNAWSCTRLGS": {
            "Type": "AWS::IAM::ManagedPolicy",
            "Properties": {
                "ManagedPolicyName": "PCTRCNAWSCTRLGS",
                "PolicyDocument": {
                    "Statement": [
                        {
                            "Effect": "Allow",
                            "Action": [
                                "logs:CancelExportTask",
                                "logs:CreateExportTask",
                                "logs:CreateLogGroup",
                                "logs:CreateLogStream",
                                "logs:DeleteDestination",
                                "logs:DeleteLogGroup",
                                "logs:DeleteLogStream",
                                "logs:DeleteMetricFilter",
                                "logs:DeleteRetentionPolicy",
                                "logs:DeleteSubscriptionFilter",
                                "logs:DescribeDestinations",
                                "logs:DescribeExportTasks",
                                "logs:DescribeLogGroups",
                                "logs:DescribeLogStreams",
                                "logs:DescribeMetricFilters",
                                "logs:DescribeSubscriptionFilters",
                                "logs:FilterLogEvents",
                                "logs:GetLogEvents",
                                "logs:PutDestination",
                                "logs:PutDestinationPolicy",
                                "logs:PutLogEvents",
                                "logs:PutMetricFilter",
                                "logs:PutRetentionPolicy",
                                "logs:PutSubscriptionFilter",
                                "logs:TestMetricFilter"
                            ],
                            "Resource": [
                                "*"
                            ]
                        },
                        {
                            "Sid": "AWSCloudTrailPutLogEvents20141101",
                            "Effect": "Allow",
                            "Action": [
                                "cloudtrail:CreateTrail",
                                "cloudtrail:DeleteTrail",
                                "cloudtrail:DescribeTrails",
                                "cloudtrail:GetTrailStatus",
                                "cloudtrail:LookupEvents",
                                "cloudtrail:StartLogging",
                                "cloudtrail:StopLogging",
                                "cloudtrail:UpdateTrail"
                            ],
                            "Resource": [
                                "*"
                            ]
                        }
                    ],
                    "Version": "2012-10-17"
                },
                "Roles": [
                    "RCTRCN_AWS_CTRLGS"
                ]
            }
        },
        "PRCCCNAWSQUALYSCONN": {
            "Type": "AWS::IAM::ManagedPolicy",
            "Properties": {
                "ManagedPolicyName": "PRCCCNAWSQUALYSCONN",
                "PolicyDocument": {
                    "Statement": [
                        {
                            "Action": [
                                "ec2:DescribeAddresses",
                                "ec2:DescribeImages",
                                "ec2:DescribeInstances"
                            ],
                            "Effect": "Allow",
                            "Resource": "*"
                        }
                    ],
                    "Version": "2012-10-17"
                },
                "Roles": [
                    "RRCCCN_AWS_QUALYSCONN"
                ]
            }
        },
        "PRCCCNAWSIAMMASTER": {
            "Type": "AWS::IAM::ManagedPolicy",
            "Properties": {
                "ManagedPolicyName": "PRCCCNAWSIAMMASTER",
                "PolicyDocument": {
                    "Statement": [
                        {
                            "Effect": "Allow",
                            "Action": [
                                "iam:UpdateAssumeRolePolicy",
                                "iam:DeactivateMFADevice",
                                "iam:CreateServiceSpecificCredential",
                                "iam:DeleteAccessKey",
                                "iam:List*",
                                "iam:DeleteGroup",
                                "iam:GenerateServiceLastAccessedDetails",
                                "iam:RemoveRoleFromInstanceProfile",
                                "iam:UpdateGroup",
                                "iam:CreateRole",
                                "iam:AttachRolePolicy",
                                "iam:PutRolePolicy",
                                "iam:AddRoleToInstanceProfile",
                                "iam:CreateLoginProfile",
                                "iam:SimulateCustomPolicy",
                                "iam:DetachRolePolicy",
                                "iam:SimulatePrincipalPolicy",
                                "iam:UploadSSHPublicKey",
                                "iam:DetachGroupPolicy",
                                "iam:DetachUserPolicy",
                                "iam:ChangePassword",
                                "iam:PutGroupPolicy",
                                "iam:UpdateLoginProfile",
                                "iam:UpdateServiceSpecificCredential",
                                "iam:CreateGroup",
                                "iam:DeleteUserPolicy",
                                "iam:AttachUserPolicy",
                                "iam:DeleteRole",
                                "iam:UpdateRoleDescription",
                                "iam:UpdateAccessKey",
                                "iam:UpdateSSHPublicKey",
                                "iam:DeleteServiceLinkedRole",
                                "iam:CreateInstanceProfile",
                                "iam:GenerateCredentialReport",
                                "iam:UntagRole",
                                "iam:TagRole",
                                "iam:ResetServiceSpecificCredential",
                                "iam:DeletePolicy",
                                "iam:DeleteSSHPublicKey",
                                "iam:CreateSAMLProvider",
                                "iam:CreateVirtualMFADevice",
                                "iam:CreateAccessKey",
                                "iam:PassRole",
                                "iam:Get*",
                                "iam:AddUserToGroup",
                                "iam:RemoveUserFromGroup",
                                "iam:DeleteRolePolicy",
                                "iam:EnableMFADevice",
                                "iam:ResyncMFADevice",
                                "iam:CreatePolicyVersion",
                                "iam:UpdateSAMLProvider",
                                "iam:DeleteLoginProfile",
                                "iam:DeleteInstanceProfile",
                                "iam:DeleteUser",
                                "iam:CreatePolicy",
                                "iam:CreateServiceLinkedRole",
                                "iam:DeleteVirtualMFADevice",
                                "iam:AttachGroupPolicy",
                                "iam:PutUserPolicy",
                                "iam:UpdateRole",
                                "iam:DeleteGroupPolicy",
                                "iam:DeleteServiceSpecificCredential",
                                "iam:DeletePolicyVersion",
                                "iam:DeleteSAMLProvider",
                                "iam:SetDefaultPolicyVersion"
                            ],
                            "Resource": "*"
                        }
                    ],
                    "Version": "2012-10-17"
                },
                "Roles": [
                    "RRCCCN_AWS_IAMMASTER"
                ]
            }
        }
    }
}