{
    "AWSTemplateFormatVersion": "2010-09-09",
    "Description": "Cross Account Roles for DRA Account Automation",
    "Resources": {
        "RootRole1": {
            "Type": "AWS::IAM::Role",
            "Properties": {
                "RoleName": "RRCC_AWS_RSSADM",
                "ManagedPolicyArns": [
                    "arn:aws:iam::aws:policy/ReadOnlyAccess"
                ],
                "AssumeRolePolicyDocument": {
                    "Version": "2012-10-17",
                    "Statement": [
                        {
                            "Effect": "Allow",
                            "Principal": {
                                "AWS": "arn:aws:iam::304512965277:role/RRCC_AWS_RSSADM"
                            },
                            "Action": "sts:AssumeRole"
                        }
                    ]
                }
            }
        },
        "AutomationRole1": {
            "Type": "AWS::IAM::Role",
            "Properties": {
                "RoleName": "RRCC_AWS_RSS_ADM",
                "AssumeRolePolicyDocument": {
                    "Version": "2012-10-17",
                    "Statement": [
                        {
                            "Effect": "Allow",
                            "Principal": {
                                "AWS": "arn:aws:iam::304512965277:role/RRCC_AWS_RSS_ADM"
                            },
                            "Action": "sts:AssumeRole"
                        }
                    ]
                }
            }
        },
        "PRCCAWSRSSADM1": {
            "Type": "AWS::IAM::ManagedPolicy",
            "Properties": {
                "ManagedPolicyName": "PRCCAWSRSS_ADM",
                "PolicyDocument": {
                    "Statement": [
                        {
                            "Action": [
                                "cloudformation:CancelUpdateStack",
                                "cloudformation:ContinueUpdateRollback",
                                "cloudformation:Create*",
                                "cloudformation:DeleteChangeSet",
                                "cloudformation:DeleteStack",
                                "cloudformation:Describe*",
                                "cloudformation:EstimateTemplateCost",
                                "cloudformation:ExecuteChangeSet",
                                "cloudformation:Get*",
                                "cloudformation:List*",
                                "cloudformation:PreviewStackUpdate",
                                "cloudformation:SetStackPolicy",
                                "cloudformation:SignalResource",
                                "cloudformation:UpdateStack",
                                "cloudformation:UpdateTerminationProtection",
                                "cloudformation:ValidateTemplate",
                                "cloudtrail:AddTags",
                                "cloudtrail:CreateTrail",
                                "cloudtrail:DeleteTrail",
                                "cloudtrail:Describe*",
                                "cloudtrail:Get*",
                                "cloudtrail:List*",
                                "cloudtrail:LookupEvents",
                                "cloudtrail:Put*",
                                "cloudtrail:RemoveTags",
                                "cloudtrail:StartLogging",
                                "cloudtrail:StopLogging",
                                "cloudtrail:UpdateTrail",
                                "cloudwatch:DeleteAlarms",
                                "cloudwatch:Describe*",
                                "cloudwatch:EnableAlarmActions",
                                "cloudwatch:Get*",
                                "cloudwatch:List*",
                                "cloudwatch:Put*",
                                "cloudwatch:Set*",
                                "config:*",
                                "ec2:AcceptVpcEndpointConnections",
                                "ec2:AcceptVpcPeeringConnection",
                                "ec2:AllocateAddress",
                                "ec2:AssignPrivateIpAddresses",
                                "ec2:AssociateAddress",
                                "ec2:AssociateDhcpOptions",
                                "ec2:AssociateRouteTable",
                                "ec2:AssociateSubnetCidrBlock",
                                "ec2:AssociateVpcCidrBlock",
                                "ec2:AttachInternetGateway",
                                "ec2:AttachNetworkInterface",
                                "ec2:AttachVpnGateway",
                                "ec2:AuthorizeSecurityGroupEgress",
                                "ec2:AuthorizeSecurityGroupIngress",
                                "ec2:Cancel*",
                                "ec2:CopyImage",
                                "ec2:CopySnapshot",
                                "ec2:Create*",
                                "ec2:Delete*",
                                "ec2:Describe*",
                                "ec2:Detach*",
                                "ec2:Disassociate*",
                                "ec2:Enable*",
                                "ec2:Get*",
                                "ec2:ImportKeyPair",
                                "ec2:Modify*",
                                "ec2:ReplaceRoute",
                                "ec2:ReplaceRouteTableAssociation",
                                "ec2:RevokeSecurityGroupEgress",
                                "ec2:RevokeSecurityGroupIngress",
                                "ec2:UnassignPrivateIpAddresses",
                                "ec2:UpdateSecurityGroupRuleDescriptionsEgress",
                                "ec2:UpdateSecurityGroupRuleDescriptionsIngress",
                                "elasticloadbalancing:*",
                                "events:*",
                                "iam:AddRoleToInstanceProfile",
                                "iam:AttachRolePolicy",
                                "iam:AttachUserPolicy",
                                "iam:CreateAccessKey",
                                "iam:CreateAccountAlias",
                                "iam:CreateInstanceProfile",
                                "iam:CreateLoginProfile",
                                "iam:CreatePolicy",
                                "iam:CreatePolicyVersion",
                                "iam:CreateRole",
                                "iam:CreateSAMLProvider",
                                "iam:CreateServiceLinkedRole",
                                "iam:CreateUser",
                                "iam:DeleteAccountPasswordPolicy",
                                "iam:DeleteInstanceProfile",
                                "iam:DeletePolicy",
                                "iam:DeletePolicyVersion",
                                "iam:DeleteRole",
                                "iam:DeleteRolePolicy",
                                "iam:DeleteSAMLProvider",
                                "iam:DetachRolePolicy",
                                "iam:GenerateCredentialReport",
                                "iam:Get*",
                                "iam:List*",
                                "iam:PassRole",
                                "iam:PutRolePolicy",
                                "iam:RemoveRoleFromInstanceProfile",
                                "iam:SetDefaultPolicyVersion",
                                "iam:Tag*",
                                "iam:Update*",
                                "iam:UpdateAccountPasswordPolicy",
                                "iam:UpdateAssumeRolePolicy",
                                "kms:CancelKeyDeletion",
                                "kms:Create*",
                                "kms:Delete*",
                                "kms:Describe*",
                                "kms:EnableKeyRotation",
                                "kms:Generate*",
                                "kms:Get*",
                                "kms:List*",
                                "kms:PutKeyPolicy",
                                "kms:Tag*",
                                "kms:UntagResource",
                                "kms:UpdateAlias",
                                "lambda:*",
                                "logs:AssociateKmsKey",
                                "logs:CancelExportTask",
                                "logs:Create*",
                                "logs:Delete*",
                                "logs:Describe*",
                                "logs:FilterLogEvents",
                                "logs:GetLogEvents",
                                "logs:ListTagsLogGroup",
                                "logs:Put*",
                                "logs:TagLogGroup",
                                "logs:TestMetricFilter",
                                "logs:UntagLogGroup",
                                "ram:Accept*",
                                "ram:AssociateResource*",
                                "ram:DiassociateResource*",
                                "ram:Get*",
                                "ram:List*",
                                "ram:Tag*",
                                "rds:AddTagsToResource",
                                "rds:AuthorizeDBSecurityGroupIngress",
                                "rds:CopyDBParameterGroup",
                                "rds:CopyOptionGroup",
                                "rds:Create*",
                                "rds:CreateDBClusterParameterGroup",
                                "rds:CreateDBSecurityGroup",
                                "rds:CreateDBSubnetGroup",
                                "rds:CreateOptionGroup",
                                "rds:DeleteDBClusterParameterGroup",
                                "rds:DeleteDBParameterGroup",
                                "rds:DeleteDBSecurityGroup",
                                "rds:DeleteDBSubnetGroup",
                                "rds:DeleteOptionGroup",
                                "rds:Describe*",
                                "rds:List*",
                                "rds:Modify*",
                                "rds:RemoveTagsFromResource",
                                "route53:AssociateVPCWithHostedZone",
                                "route53resolver:*",
                                "s3:AbortMultipartUpload",
                                "s3:CreateBucket",
                                "s3:DeleteBucket",
                                "s3:DeleteBucketPolicy",
                                "s3:DeleteBucketWebsite",
                                "s3:Get*",
                                "s3:HeadBucket",
                                "s3:List*",
                                "s3:Put*",
                                "s3:ReplicateTags",
                                "servicecatalog:*",
                                "sns:ConfirmSubscription",
                                "sns:Create*",
                                "sns:Delete*",
                                "sns:Get*",
                                "sns:List*",
                                "sns:Publish",
                                "sns:RemovePermission",
                                "sns:Set*",
                                "sns:Subscribe",
                                "sns:Tag*",
                                "sns:Unsubscribe",
                                "sns:Untag*",
                                "tag:*"
                            ],
                            "Effect": "Allow",
                            "Resource": "*"
                        }
                    ],
                    "Version": "2012-10-17"
                },
                "Roles": [
                    {
                        "Ref": "AutomationRole1"
                    },
                    {
                        "Ref": "RootRole1"
                    }
                ]
            }
        },
        "RCTRAWSCTRLGS": {
            "Type": "AWS::IAM::Role",
            "Properties": {
                "RoleName": "RCTR_AWS_CTRLGS",
                "AssumeRolePolicyDocument": {
                    "Version": "2012-10-17",
                    "Statement": [
                        {
                            "Sid": "",
                            "Effect": "Allow",
                            "Principal": {
                                "Service": "cloudtrail.amazonaws.com"
                            },
                            "Action": "sts:AssumeRole"
                        }
                    ]
                }
            }
        },
        "PCTRAWSCTRLGS": {
            "Type": "AWS::IAM::ManagedPolicy",
            "Properties": {
                "ManagedPolicyName": "PCTRAWSCTRLGS",
                "PolicyDocument": {
                    "Statement": [
                        {
                            "Effect": "Allow",
                            "Action": [
                                "logs:CancelExportTask",
                                "logs:CreateExportTask",
                                "logs:CreateLogGroup",
                                "logs:CreateLogStream",
                                "logs:DeleteDestination",
                                "logs:DeleteLogGroup",
                                "logs:DeleteLogStream",
                                "logs:DeleteMetricFilter",
                                "logs:DeleteRetentionPolicy",
                                "logs:DeleteSubscriptionFilter",
                                "logs:DescribeDestinations",
                                "logs:DescribeExportTasks",
                                "logs:DescribeLogGroups",
                                "logs:DescribeLogStreams",
                                "logs:DescribeMetricFilters",
                                "logs:DescribeSubscriptionFilters",
                                "logs:FilterLogEvents",
                                "logs:GetLogEvents",
                                "logs:PutDestination",
                                "logs:PutDestinationPolicy",
                                "logs:PutLogEvents",
                                "logs:PutMetricFilter",
                                "logs:PutRetentionPolicy",
                                "logs:PutSubscriptionFilter",
                                "logs:TestMetricFilter"
                            ],
                            "Resource": [
                                "*"
                            ]
                        },
                        {
                            "Sid": "AWSCloudTrailPutLogEvents20141101",
                            "Effect": "Allow",
                            "Action": [
                                "cloudtrail:CreateTrail",
                                "cloudtrail:DeleteTrail",
                                "cloudtrail:DescribeTrails",
                                "cloudtrail:GetTrailStatus",
                                "cloudtrail:LookupEvents",
                                "cloudtrail:StartLogging",
                                "cloudtrail:StopLogging",
                                "cloudtrail:UpdateTrail"
                            ],
                            "Resource": [
                                "*"
                            ]
                        }
                    ],
                    "Version": "2012-10-17"
                },
                "Roles": [
                    {
                        "Ref": "RCTRAWSCTRLGS"
                    }
                ]
            }
        },
        "RRCCAWSIAMMASTER": {
            "Type": "AWS::IAM::Role",
            "Properties": {
                "RoleName": "RRCC_AWS_IAMMASTER",
                "AssumeRolePolicyDocument": {
                    "Version": "2012-10-17",
                    "Statement": [
                        {
                            "Effect": "Allow",
                            "Principal": {
                                "AWS": "arn:aws:iam::304512965277:role/RRCC_AWS_IAMMASTER"
                            },
                            "Action": "sts:AssumeRole"
                        }
                    ]
                }
            }
        },
        "PRCCAWSIAMMASTER": {
            "Type": "AWS::IAM::ManagedPolicy",
            "Properties": {
                "ManagedPolicyName": "PRCCAWSIAMMASTER",
                "PolicyDocument": {
                    "Statement": [
                        {
                            "Effect": "Allow",
                            "Action": [
                                "iam:UpdateAssumeRolePolicy",
                                "iam:DeactivateMFADevice",
                                "iam:CreateServiceSpecificCredential",
                                "iam:DeleteAccessKey",
                                "iam:List*",
                                "iam:DeleteGroup",
                                "iam:GenerateServiceLastAccessedDetails",
                                "iam:RemoveRoleFromInstanceProfile",
                                "iam:UpdateGroup",
                                "iam:CreateRole",
                                "iam:AttachRolePolicy",
                                "iam:PutRolePolicy",
                                "iam:AddRoleToInstanceProfile",
                                "iam:CreateLoginProfile",
                                "iam:SimulateCustomPolicy",
                                "iam:DetachRolePolicy",
                                "iam:SimulatePrincipalPolicy",
                                "iam:UploadSSHPublicKey",
                                "iam:DetachGroupPolicy",
                                "iam:DetachUserPolicy",
                                "iam:ChangePassword",
                                "iam:PutGroupPolicy",
                                "iam:UpdateLoginProfile",
                                "iam:UpdateServiceSpecificCredential",
                                "iam:CreateGroup",
                                "iam:DeleteUserPolicy",
                                "iam:AttachUserPolicy",
                                "iam:DeleteRole",
                                "iam:UpdateRoleDescription",
                                "iam:UpdateAccessKey",
                                "iam:UpdateSSHPublicKey",
                                "iam:DeleteServiceLinkedRole",
                                "iam:CreateInstanceProfile",
                                "iam:GenerateCredentialReport",
                                "iam:UntagRole",
                                "iam:TagRole",
                                "iam:ResetServiceSpecificCredential",
                                "iam:DeletePolicy",
                                "iam:DeleteSSHPublicKey",
                                "iam:CreateSAMLProvider",
                                "iam:CreateVirtualMFADevice",
                                "iam:CreateAccessKey",
                                "iam:PassRole",
                                "iam:Get*",
                                "iam:AddUserToGroup",
                                "iam:RemoveUserFromGroup",
                                "iam:DeleteRolePolicy",
                                "iam:EnableMFADevice",
                                "iam:ResyncMFADevice",
                                "iam:CreatePolicyVersion",
                                "iam:UpdateSAMLProvider",
                                "iam:DeleteLoginProfile",
                                "iam:DeleteInstanceProfile",
                                "iam:DeleteUser",
                                "iam:CreatePolicy",
                                "iam:CreateServiceLinkedRole",
                                "iam:DeleteVirtualMFADevice",
                                "iam:AttachGroupPolicy",
                                "iam:PutUserPolicy",
                                "iam:UpdateRole",
                                "iam:DeleteGroupPolicy",
                                "iam:DeleteServiceSpecificCredential",
                                "iam:DeletePolicyVersion",
                                "iam:DeleteSAMLProvider",
                                "iam:SetDefaultPolicyVersion"
                            ],
                            "Resource": "*"
                        }
                    ],
                    "Version": "2012-10-17"
                },
                "Roles": [
                    {
                        "Ref": "RRCCAWSIAMMASTER"
                    }
                ]
            }
        },
        "RRCCAWSQUALYSCONN": {
            "Type": "AWS::IAM::Role",
            "Properties": {
                "RoleName": "RRCC_AWS_QUALYSCONN",
                "AssumeRolePolicyDocument": {
                    "Version": "2012-10-17",
                    "Statement": [
                        {
                            "Sid": "",
                            "Effect": "Allow",
                            "Principal": {
                                "AWS": "arn:aws:iam::805950163170:root"
                            },
                            "Action": "sts:AssumeRole",
                            "Condition": {
                                "StringEquals": {
                                    "sts:ExternalId": "100800000000001"
                                }
                            }
                        }
                    ]
                }
            }
        },
        "PRCCAWSQUALYSCONN": {
            "Type": "AWS::IAM::ManagedPolicy",
            "Properties": {
                "ManagedPolicyName": "PRCCAWSQUALYSCONN",
                "PolicyDocument": {
                    "Statement": [
                        {
                            "Action": [
                                "ec2:DescribeAddresses",
                                "ec2:DescribeImages",
                                "ec2:DescribeInstances"
                            ],
                            "Effect": "Allow",
                            "Resource": "*"
                        }
                    ],
                    "Version": "2012-10-17"
                },
                "Roles": [
                    {
                        "Ref": "RRCCAWSQUALYSCONN"
                    }
                ]
            }
        },
        "RRDVYRAWSHARVEST": {
            "Type": "AWS::IAM::Role",
            "Properties": {
                "RoleName": "RRDVYR_AWS_HARVEST",
                "ManagedPolicyArns": [
                    "arn:aws:iam::aws:policy/ReadOnlyAccess"
                ],
                "AssumeRolePolicyDocument": {
                    "Version": "2012-10-17",
                    "Statement": [
                        {
                            "Effect": "Allow",
                            "Principal": {
                                "AWS": "arn:aws:iam::387446758255:role/RRDVYR_AWS_APP_INSTALL"
                            },
                            "Action": "sts:AssumeRole",
                            "Condition": {}
                        }
                    ]
                }
            }
        },
        "PDVYRAWSHARVESTEDH": {
            "Type": "AWS::IAM::ManagedPolicy",
            "Properties": {
                "ManagedPolicyName": "PDVYRAWSHARVESTEDH",
                "PolicyDocument": {
                    "Version": "2012-10-17",
                    "Statement": [
                        {
                            "Action": [
                                "events:DeleteRule",
                                "events:DescribeRule",
                                "events:PutRule",
                                "events:PutTargets",
                                "events:RemoveTargets"
                            ],
                            "Resource": [
                                "arn:aws:events:*:*:rule/divvycloud-events*"
                            ],
                            "Effect": "Allow"
                        },
                        {
                            "Action": [
                                "organizations:DescribeOrganization"
                            ],
                            "Resource": "*",
                            "Effect": "Allow"
                        },
                        {
                            "Action": [
                                "iam:CreateRole",
                                "iam:AttachRolePolicy",
                                "iam:PassRole"
                            ],
                            "Resource": [
                                "arn:aws:iam::*:role/service-role/event-driven-harvest/divvycloud-eventbus-role"
                            ],
                            "Effect": "Allow"
                        },
                        {
                            "Action": [
                                "iam:CreatePolicy",
                                "iam:CreatePolicyVersion",
                                "iam:DeletePolicyVersion"
                            ],
                            "Resource": [
                                "arn:aws:iam::*:policy/service-role/event-driven-harvest/divvycloud-eventbus-policy"
                            ],
                            "Effect": "Allow"
                        },
                        {
                            "Action": [
                                "iam:GetPolicy"
                            ],
                            "Resource": [
                                "*"
                            ],
                            "Effect": "Allow"
                        }
                    ]
                },
                "Roles": [
                    {
                        "Ref": "RRDVYRAWSHARVEST"
                    }
                ]
            }
        },
        "PDVYRAWSHARVESTEDHCONSUMER": {
            "Type": "AWS::IAM::ManagedPolicy",
            "Properties": {
                "ManagedPolicyName": "PDVYRAWSHARVESTEDHCONSUMER",
                "PolicyDocument": {
                    "Version": "2012-10-17",
                    "Statement": [
                        {
                            "Condition": {
                                "StringEquals": {
                                    "aws:PrincipalAccount": "387446758255"
                                }
                            },
                            "Action": [
                                "events:DeleteRule",
                                "events:DescribeRule",
                                "events:PutRule",
                                "events:PutTargets",
                                "events:RemoveTargets"
                            ],
                            "Resource": [
                                "arn:aws:events:*:387446758255:rule/divvycloud*"
                            ],
                            "Effect": "Allow"
                        },
                        {
                            "Condition": {
                                "StringEquals": {
                                    "aws:PrincipalAccount": "387446758255"
                                }
                            },
                            "Action": [
                                "sqs:CreateQueue",
                                "sqs:DeleteQueue",
                                "sqs:ListQueues",
                                "sqs:ReceiveMessage",
                                "sqs:DeleteMessage",
                                "sqs:DeleteMessageBatch",
                                "sqs:SetQueueAttributes"
                            ],
                            "Resource": [
                                "arn:aws:sqs:*:387446758255:divvycloud-event-aggregator-*.fifo"
                            ],
                            "Effect": "Allow"
                        },
                        {
                            "Condition": {
                                "StringEquals": {
                                    "aws:PrincipalAccount": "387446758255"
                                }
                            },
                            "Action": [
                                "events:PutPermission",
                                "events:RemovePermission"
                            ],
                            "Resource": [
                                "arn:aws:events:*:387446758255:event-bus/default"
                            ],
                            "Effect": "Allow"
                        },
                        {
                            "Condition": {
                                "StringEquals": {
                                    "aws:PrincipalAccount": "387446758255"
                                }
                            },
                            "Action": [
                                "kms:Decrypt",
                                "kms:GenerateDataKey"
                            ],
                            "Resource": [
                                "arn:aws:kms:*:387446758255:alias/NVSGISRDVYR-CMK-EDH"
                            ],
                            "Effect": "Allow"
                        }
                    ]
                },
                "Roles": [
                    {
                        "Ref": "RRDVYRAWSHARVEST"
                    }
                ]
            }
        },
        "PRDVYRAWSHARVESTDENY": {
            "Type": "AWS::IAM::ManagedPolicy",
            "Properties": {
                "ManagedPolicyName": "PRDVYRAWSHARVESTDENY",
                "PolicyDocument": {
                    "Version": "2012-10-17",
                    "Statement": [
                        {
                            "Sid": "ICSREMEDIATIONBOTS",
                            "Action": [
                                "s3:PutBucketPolicy",
                                "ec2:DeleteInternetGateway",
                                "ec2:DetachInternetGateway",
                                "eks:UpdateClusterConfig",
                                "es:UpdateDomainConfig",
                                "sagemaker:DeleteNotebookInstance",
                                "sagemaker:StopNotebookInstance",
                                "kms:EnableKeyRotation"
                            ],
                            "Effect": "Allow",
                            "Resource": "*"
                        },
                        {
                            "Sid": "AwsReadOnlyMissingPermissions",
                            "Action": [
                                "airflow:GetEnvironment",
                                "aoss:BatchGetCollection",
                                "aoss:GetSecurityPolicy",
                                "aoss:ListCollections",
                                "aoss:ListSecurityPolicies",
                                "apprunner:DescribeService",
                                "apprunner:ListServices",
                                "backup-gateway:GetGateway",
                                "docdb-elastic:GetCluster",
                                "docdb-elastic:ListClusters",
                                "lookoutequipment:DescribeDataset",
                                "lookoutequipment:ListDatasets",
                                "memorydb:DescribeClusters",
                                "memorydb:DescribeSubnetGroups",
                                "memorydb:ListTags",
                                "oam:GetSinkPolicy",
                                "oam:ListLinks",
                                "oam:ListSinks",
                                "pricing:GetProducts",
                                "quicksight:DescribeAccountSettings",
                                "quicksight:DescribeAccountSubscription",
                                "quicksight:DescribeIpRestriction",
                                "quicksight:ListUsers",
                                "redshift-serverless:ListNamespaces",
                                "redshift-serverless:ListWorkgroups",
                                "s3:GetObjectAcl*",
                                "s3:GetObjectTagging*",
                                "support:*"
                            ],
                            "Effect": "Allow",
                            "Resource": "*"
                        },
                        {
                            "Sid": "DenyReadOnlyNovartisData",
                            "Action": [
                                "appsync:GetDataSource",
                                "amplify:GetJob",
                                "athena:GetDatabase",
                                "athena:GetTableMetadata",
                                "cognito-sync:QueryRecords",
                                "dms:DescribeTableStatistics",
                                "dynamodb:GetItem",
                                "dynamodb:GetRecords",
                                "dynamodb:DescribeBackup",
                                "dynamodb:BatchGetItem",
                                "dynamodb:GetShardIterator",
                                "dynamodb:Scan",
                                "dynamodb:Query",
                                "dynamodb:DescribeKinesisStreamingDestination",
                                "dataexchange:GetAsset",
                                "dataexchange:GetDataSet",
                                "dataexchange:GetJob",
                                "datapipeline:QueryObjects",
                                "dax:GetItem",
                                "dax:BatchGetItem",
                                "dax:Query",
                                "dax:Scan",
                                "devicefarm:GetJob",
                                "es:ESHttpGet",
                                "glue:GetJob",
                                "glue:GetJobs",
                                "glue:GetTable",
                                "glue:GetTables",
                                "inspector:GetTelemetryMetadata",
                                "glacier:GetJobOutput",
                                "kinesis:GetRecords",
                                "machinelearning:GetDataSource",
                                "logs:GetLogRecord",
                                "mediaconvert:ListJobs",
                                "lightsail:GetContainerAPIMetadata",
                                "qldb:DescribeJournalS3Export",
                                "qldb:GetBlock",
                                "qldb:GetRevision",
                                "rds:DownloadDBLogFilePortion",
                                "rds:DescribeDBLogFiles",
                                "redshift:DescribeQuery",
                                "redshift:DescribeSavedQueries",
                                "redshift:DescribeTable",
                                "s3:GetObject",
                                "s3:GetObjectLegalHold*",
                                "s3:GetObjectRetention*",
                                "s3:GetObjectTorrent*",
                                "s3:GetObjectVersion*",
                                "s3:GetObjectVersionForReplication*",
                                "s3:GetObjectVersionTagging*",
                                "s3:GetObjectVersionTorrent*",
                                "s3:GetInventoryConfiguration",
                                "snowball:GetJobManifest",
                                "sagemaker:GetRecord",
                                "ssm:GetInventory",
                                "ssm:GetOpsMetadata",
                                "workdocs:DescribeFolderContents",
                                "workdocs:GetDocument",
                                "xray:BatchGet*"
                            ],
                            "Effect": "Deny",
                            "Resource": "*"
                        }
                    ]
                },
                "Roles": [
                    {
                        "Ref": "RRDVYRAWSHARVEST"
                    }
                ]
            }
        },
        "RRDVYRAWSHARVESTDEV": {
            "Type": "AWS::IAM::Role",
            "Properties": {
                "RoleName": "RRDVYR_AWS_HARVEST_DEV",
                "ManagedPolicyArns": [
                    "arn:aws:iam::aws:policy/ReadOnlyAccess"
                ],
                "AssumeRolePolicyDocument": {
                    "Version": "2012-10-17",
                    "Statement": [
                        {
                            "Effect": "Allow",
                            "Principal": {
                                "AWS": "arn:aws:iam::099500901004:role/RRDVYR_AWS_APP_INSTALL"
                            },
                            "Action": "sts:AssumeRole",
                            "Condition": {}
                        }
                    ]
                }
            }
        },
        "PDVYRAWSHARVESTEDHDEV": {
            "Type": "AWS::IAM::ManagedPolicy",
            "Properties": {
                "ManagedPolicyName": "PDVYRAWSHARVESTEDHDEV",
                "PolicyDocument": {
                    "Version": "2012-10-17",
                    "Statement": [
                        {
                            "Action": [
                                "events:DeleteRule",
                                "events:DescribeRule",
                                "events:PutRule",
                                "events:PutTargets",
                                "events:RemoveTargets"
                            ],
                            "Resource": [
                                "arn:aws:events:*:*:rule/divvycloud-events*"
                            ],
                            "Effect": "Allow"
                        },
                        {
                            "Action": [
                                "organizations:DescribeOrganization"
                            ],
                            "Resource": "*",
                            "Effect": "Allow"
                        },
                        {
                            "Action": [
                                "iam:CreateRole",
                                "iam:AttachRolePolicy",
                                "iam:PassRole"
                            ],
                            "Resource": [
                                "arn:aws:iam::*:role/service-role/event-driven-harvest/divvycloud-eventbus-role"
                            ],
                            "Effect": "Allow"
                        },
                        {
                            "Action": [
                                "iam:CreatePolicy",
                                "iam:CreatePolicyVersion",
                                "iam:DeletePolicyVersion"
                            ],
                            "Resource": [
                                "arn:aws:iam::*:policy/service-role/event-driven-harvest/divvycloud-eventbus-policy"
                            ],
                            "Effect": "Allow"
                        },
                        {
                            "Action": [
                                "iam:GetPolicy"
                            ],
                            "Resource": [
                                "*"
                            ],
                            "Effect": "Allow"
                        }
                    ]
                },
                "Roles": [
                    {
                        "Ref": "RRDVYRAWSHARVESTDEV"
                    }
                ]
            }
        },
        "PDVYRAWSHARVESTEDHCONSUMERDEV": {
            "Type": "AWS::IAM::ManagedPolicy",
            "Properties": {
                "ManagedPolicyName": "PDVYRAWSHARVESTEDHCONSUMERDEV",
                "PolicyDocument": {
                    "Version": "2012-10-17",
                    "Statement": [
                        {
                            "Condition": {
                                "StringEquals": {
                                    "aws:PrincipalAccount": "387446758255"
                                }
                            },
                            "Action": [
                                "events:DeleteRule",
                                "events:DescribeRule",
                                "events:PutRule",
                                "events:PutTargets",
                                "events:RemoveTargets"
                            ],
                            "Resource": [
                                "arn:aws:events:*:387446758255:rule/divvycloud*"
                            ],
                            "Effect": "Allow"
                        },
                        {
                            "Condition": {
                                "StringEquals": {
                                    "aws:PrincipalAccount": "387446758255"
                                }
                            },
                            "Action": [
                                "sqs:CreateQueue",
                                "sqs:DeleteQueue",
                                "sqs:ListQueues",
                                "sqs:ReceiveMessage",
                                "sqs:DeleteMessage",
                                "sqs:DeleteMessageBatch",
                                "sqs:SetQueueAttributes"
                            ],
                            "Resource": [
                                "arn:aws:sqs:*:387446758255:divvycloud-event-aggregator-*.fifo"
                            ],
                            "Effect": "Allow"
                        },
                        {
                            "Condition": {
                                "StringEquals": {
                                    "aws:PrincipalAccount": "387446758255"
                                }
                            },
                            "Action": [
                                "events:PutPermission",
                                "events:RemovePermission"
                            ],
                            "Resource": [
                                "arn:aws:events:*:387446758255:event-bus/default"
                            ],
                            "Effect": "Allow"
                        },
                        {
                            "Condition": {
                                "StringEquals": {
                                    "aws:PrincipalAccount": "387446758255"
                                }
                            },
                            "Action": [
                                "kms:Decrypt",
                                "kms:GenerateDataKey"
                            ],
                            "Resource": [
                                "arn:aws:kms:*:387446758255:alias/NVSGISRDVYR-CMK-EDH"
                            ],
                            "Effect": "Allow"
                        }
                    ]
                },
                "Roles": [
                    {
                        "Ref": "RRDVYRAWSHARVESTDEV"
                    }
                ]
            }
        },
        "PRDVYRAWSHARVESTDENYDEV": {
            "Type": "AWS::IAM::ManagedPolicy",
            "Properties": {
                "ManagedPolicyName": "PRDVYRAWSHARVESTDENYDEV",
                "PolicyDocument": {
                    "Version": "2012-10-17",
                    "Statement": [
                        {
                            "Sid": "AwsReadOnlyMissingPermissions",
                            "Action": [
                                "airflow:GetEnvironment",
                                "aoss:BatchGetCollection",
                                "aoss:GetSecurityPolicy",
                                "aoss:ListCollections",
                                "aoss:ListSecurityPolicies",
                                "apprunner:DescribeService",
                                "apprunner:ListServices",
                                "backup-gateway:GetGateway",
                                "docdb-elastic:GetCluster",
                                "docdb-elastic:ListClusters",
                                "lookoutequipment:DescribeDataset",
                                "lookoutequipment:ListDatasets",
                                "memorydb:DescribeClusters",
                                "memorydb:DescribeSubnetGroups",
                                "memorydb:ListTags",
                                "oam:GetSinkPolicy",
                                "oam:ListLinks",
                                "oam:ListSinks",
                                "pricing:GetProducts",
                                "quicksight:DescribeAccountSettings",
                                "quicksight:DescribeAccountSubscription",
                                "quicksight:DescribeIpRestriction",
                                "quicksight:ListUsers",
                                "redshift-serverless:ListNamespaces",
                                "redshift-serverless:ListWorkgroups",
                                "s3:GetObjectAcl*",
                                "s3:GetObjectTagging*",
                                "support:*"
                            ],
                            "Effect": "Allow",
                            "Resource": "*"
                        },
                        {
                            "Sid": "DenyReadOnlyNovartisData",
                            "Action": [
                                "appsync:GetDataSource",
                                "amplify:GetJob",
                                "athena:GetDatabase",
                                "athena:GetTableMetadata",
                                "cognito-sync:QueryRecords",
                                "dms:DescribeTableStatistics",
                                "dynamodb:GetItem",
                                "dynamodb:GetRecords",
                                "dynamodb:DescribeBackup",
                                "dynamodb:BatchGetItem",
                                "dynamodb:GetShardIterator",
                                "dynamodb:Scan",
                                "dynamodb:Query",
                                "dynamodb:DescribeKinesisStreamingDestination",
                                "dataexchange:GetAsset",
                                "dataexchange:GetDataSet",
                                "dataexchange:GetJob",
                                "datapipeline:QueryObjects",
                                "dax:GetItem",
                                "dax:BatchGetItem",
                                "dax:Query",
                                "dax:Scan",
                                "devicefarm:GetJob",
                                "es:ESHttpGet",
                                "glue:GetJob",
                                "glue:GetJobs",
                                "glue:GetTable",
                                "glue:GetTables",
                                "inspector:GetTelemetryMetadata",
                                "glacier:GetJobOutput",
                                "kinesis:GetRecords",
                                "machinelearning:GetDataSource",
                                "logs:GetLogRecord",
                                "mediaconvert:ListJobs",
                                "lightsail:GetContainerAPIMetadata",
                                "qldb:DescribeJournalS3Export",
                                "qldb:GetBlock",
                                "qldb:GetRevision",
                                "rds:DownloadDBLogFilePortion",
                                "rds:DescribeDBLogFiles",
                                "redshift:DescribeQuery",
                                "redshift:DescribeSavedQueries",
                                "redshift:DescribeTable",
                                "s3:GetObject",
                                "s3:GetObjectLegalHold*",
                                "s3:GetObjectRetention*",
                                "s3:GetObjectTorrent*",
                                "s3:GetObjectVersion*",
                                "s3:GetObjectVersionForReplication*",
                                "s3:GetObjectVersionTagging*",
                                "s3:GetObjectVersionTorrent*",
                                "s3:GetInventoryConfiguration",
                                "snowball:GetJobManifest",
                                "sagemaker:GetRecord",
                                "ssm:GetInventory",
                                "ssm:GetOpsMetadata",
                                "workdocs:DescribeFolderContents",
                                "workdocs:GetDocument",
                                "xray:BatchGet*"
                            ],
                            "Effect": "Deny",
                            "Resource": "*"
                        }
                    ]
                },
                "Roles": [
                    {
                        "Ref": "RRDVYRAWSHARVESTDEV"
                    }
                ]
            }
        },
        "RRDVYRAWSHARVESTQA": {
            "Type": "AWS::IAM::Role",
            "Properties": {
                "RoleName": "RRDVYR_AWS_HARVEST_QA",
                "ManagedPolicyArns": [
                    "arn:aws:iam::aws:policy/ReadOnlyAccess"
                ],
                "AssumeRolePolicyDocument": {
                    "Version": "2012-10-17",
                    "Statement": [
                        {
                            "Effect": "Allow",
                            "Principal": {
                                "AWS": "arn:aws:iam::113293020540:role/RRDVYR_AWS_APP_INSTALL"
                            },
                            "Action": "sts:AssumeRole",
                            "Condition": {}
                        }
                    ]
                }
            }
        },
        "PDVYRAWSHARVESTEDHQA": {
            "Type": "AWS::IAM::ManagedPolicy",
            "Properties": {
                "ManagedPolicyName": "PDVYRAWSHARVESTEDHQA",
                "PolicyDocument": {
                    "Version": "2012-10-17",
                    "Statement": [
                        {
                            "Action": [
                                "events:DeleteRule",
                                "events:DescribeRule",
                                "events:PutRule",
                                "events:PutTargets",
                                "events:RemoveTargets"
                            ],
                            "Resource": [
                                "arn:aws:events:*:*:rule/divvycloud-events*"
                            ],
                            "Effect": "Allow"
                        },
                        {
                            "Action": [
                                "organizations:DescribeOrganization"
                            ],
                            "Resource": "*",
                            "Effect": "Allow"
                        },
                        {
                            "Action": [
                                "iam:CreateRole",
                                "iam:AttachRolePolicy",
                                "iam:PassRole"
                            ],
                            "Resource": [
                                "arn:aws:iam::*:role/service-role/event-driven-harvest/divvycloud-eventbus-role"
                            ],
                            "Effect": "Allow"
                        },
                        {
                            "Action": [
                                "iam:CreatePolicy",
                                "iam:CreatePolicyVersion",
                                "iam:DeletePolicyVersion"
                            ],
                            "Resource": [
                                "arn:aws:iam::*:policy/service-role/event-driven-harvest/divvycloud-eventbus-policy"
                            ],
                            "Effect": "Allow"
                        },
                        {
                            "Action": [
                                "iam:GetPolicy"
                            ],
                            "Resource": [
                                "*"
                            ],
                            "Effect": "Allow"
                        }
                    ]
                },
                "Roles": [
                    {
                        "Ref": "RRDVYRAWSHARVESTQA"
                    }
                ]
            }
        },
        "PDVYRAWSHARVESTEDHCONSUMERQA": {
            "Type": "AWS::IAM::ManagedPolicy",
            "Properties": {
                "ManagedPolicyName": "PDVYRAWSHARVESTEDHCONSUMERQA",
                "PolicyDocument": {
                    "Version": "2012-10-17",
                    "Statement": [
                        {
                            "Condition": {
                                "StringEquals": {
                                    "aws:PrincipalAccount": "387446758255"
                                }
                            },
                            "Action": [
                                "events:DeleteRule",
                                "events:DescribeRule",
                                "events:PutRule",
                                "events:PutTargets",
                                "events:RemoveTargets"
                            ],
                            "Resource": [
                                "arn:aws:events:*:387446758255:rule/divvycloud*"
                            ],
                            "Effect": "Allow"
                        },
                        {
                            "Condition": {
                                "StringEquals": {
                                    "aws:PrincipalAccount": "387446758255"
                                }
                            },
                            "Action": [
                                "sqs:CreateQueue",
                                "sqs:DeleteQueue",
                                "sqs:ListQueues",
                                "sqs:ReceiveMessage",
                                "sqs:DeleteMessage",
                                "sqs:DeleteMessageBatch",
                                "sqs:SetQueueAttributes"
                            ],
                            "Resource": [
                                "arn:aws:sqs:*:387446758255:divvycloud-event-aggregator-*.fifo"
                            ],
                            "Effect": "Allow"
                        },
                        {
                            "Condition": {
                                "StringEquals": {
                                    "aws:PrincipalAccount": "387446758255"
                                }
                            },
                            "Action": [
                                "events:PutPermission",
                                "events:RemovePermission"
                            ],
                            "Resource": [
                                "arn:aws:events:*:387446758255:event-bus/default"
                            ],
                            "Effect": "Allow"
                        },
                        {
                            "Condition": {
                                "StringEquals": {
                                    "aws:PrincipalAccount": "387446758255"
                                }
                            },
                            "Action": [
                                "kms:Decrypt",
                                "kms:GenerateDataKey"
                            ],
                            "Resource": [
                                "arn:aws:kms:*:387446758255:alias/NVSGISRDVYR-CMK-EDH"
                            ],
                            "Effect": "Allow"
                        }
                    ]
                },
                "Roles": [
                    {
                        "Ref": "RRDVYRAWSHARVESTQA"
                    }
                ]
            }
        },
        "PRDVYRAWSHARVESTDENYQA": {
            "Type": "AWS::IAM::ManagedPolicy",
            "Properties": {
                "ManagedPolicyName": "PRDVYRAWSHARVESTDENYQA",
                "PolicyDocument": {
                    "Version": "2012-10-17",
                    "Statement": [
                        {
                            "Sid": "AwsReadOnlyMissingPermissions",
                            "Action": [
                                "airflow:GetEnvironment",
                                "aoss:BatchGetCollection",
                                "aoss:GetSecurityPolicy",
                                "aoss:ListCollections",
                                "aoss:ListSecurityPolicies",
                                "apprunner:DescribeService",
                                "apprunner:ListServices",
                                "backup-gateway:GetGateway",
                                "docdb-elastic:GetCluster",
                                "docdb-elastic:ListClusters",
                                "lookoutequipment:DescribeDataset",
                                "lookoutequipment:ListDatasets",
                                "memorydb:DescribeClusters",
                                "memorydb:DescribeSubnetGroups",
                                "memorydb:ListTags",
                                "oam:GetSinkPolicy",
                                "oam:ListLinks",
                                "oam:ListSinks",
                                "pricing:GetProducts",
                                "quicksight:DescribeAccountSettings",
                                "quicksight:DescribeAccountSubscription",
                                "quicksight:DescribeIpRestriction",
                                "quicksight:ListUsers",
                                "redshift-serverless:ListNamespaces",
                                "redshift-serverless:ListWorkgroups",
                                "s3:GetObjectAcl*",
                                "s3:GetObjectTagging*",
                                "support:*"
                            ],
                            "Effect": "Allow",
                            "Resource": "*"
                        },
                        {
                            "Sid": "DenyReadOnlyNovartisData",
                            "Action": [
                                "appsync:GetDataSource",
                                "amplify:GetJob",
                                "athena:GetDatabase",
                                "athena:GetTableMetadata",
                                "cognito-sync:QueryRecords",
                                "dms:DescribeTableStatistics",
                                "dynamodb:GetItem",
                                "dynamodb:GetRecords",
                                "dynamodb:DescribeBackup",
                                "dynamodb:BatchGetItem",
                                "dynamodb:GetShardIterator",
                                "dynamodb:Scan",
                                "dynamodb:Query",
                                "dynamodb:DescribeKinesisStreamingDestination",
                                "dataexchange:GetAsset",
                                "dataexchange:GetDataSet",
                                "dataexchange:GetJob",
                                "datapipeline:QueryObjects",
                                "dax:GetItem",
                                "dax:BatchGetItem",
                                "dax:Query",
                                "dax:Scan",
                                "devicefarm:GetJob",
                                "es:ESHttpGet",
                                "glue:GetJob",
                                "glue:GetJobs",
                                "glue:GetTable",
                                "glue:GetTables",
                                "inspector:GetTelemetryMetadata",
                                "glacier:GetJobOutput",
                                "kinesis:GetRecords",
                                "machinelearning:GetDataSource",
                                "logs:GetLogRecord",
                                "mediaconvert:ListJobs",
                                "lightsail:GetContainerAPIMetadata",
                                "qldb:DescribeJournalS3Export",
                                "qldb:GetBlock",
                                "qldb:GetRevision",
                                "rds:DownloadDBLogFilePortion",
                                "rds:DescribeDBLogFiles",
                                "redshift:DescribeQuery",
                                "redshift:DescribeSavedQueries",
                                "redshift:DescribeTable",
                                "s3:GetObject",
                                "s3:GetObjectLegalHold*",
                                "s3:GetObjectRetention*",
                                "s3:GetObjectTorrent*",
                                "s3:GetObjectVersion*",
                                "s3:GetObjectVersionForReplication*",
                                "s3:GetObjectVersionTagging*",
                                "s3:GetObjectVersionTorrent*",
                                "s3:GetInventoryConfiguration",
                                "snowball:GetJobManifest",
                                "sagemaker:GetRecord",
                                "ssm:GetInventory",
                                "ssm:GetOpsMetadata",
                                "workdocs:DescribeFolderContents",
                                "workdocs:GetDocument",
                                "xray:BatchGet*"
                            ],
                            "Effect": "Deny",
                            "Resource": "*"
                        }
                    ]
                },
                "Roles": [
                    {
                        "Ref": "RRDVYRAWSHARVESTQA"
                    }
                ]
            }
        },
        "RRCCAWSINVENTORY": {
            "Type": "AWS::IAM::Role",
            "Properties": {
                "RoleName": "RRCC_AWS_INVENTORY",
                "ManagedPolicyArns": [
                    "arn:aws:iam::aws:policy/ReadOnlyAccess"
                ],
                "AssumeRolePolicyDocument": {
                    "Version": "2012-10-17",
                    "Statement": [
                        {
                            "Effect": "Allow",
                            "Principal": {
                                "AWS": [
                                    "arn:aws:iam::304512965277:role/RRCC_AWS_JENKINSUSRSERVER",
                                    "arn:aws:iam::304512965277:role/RRCC_AWS_CLOUDNOW_API"
                                ]
                            },
                            "Action": "sts:AssumeRole",
                            "Condition": {}
                        }
                    ]
                }
            }
        },
        "RIDYAWSAWSGLOBALJIT01": {
            "Type": "AWS::IAM::Role",
            "Properties": {
                "RoleName": "RIDY_AWS_AWSGLOBALJIT01",
                "ManagedPolicyArns": [
                    "arn:aws:iam::aws:policy/ReadOnlyAccess"
                ],
                "AssumeRolePolicyDocument": {
                    "Version": "2012-10-17",
                    "Statement": [
                        {
                            "Effect": "Allow",
                            "Principal": {
                                "AWS": "arn:aws:iam::290804939824:role/RIDY_AWS_AWSGLOBALJIT01"
                            },
                            "Action": "sts:AssumeRole",
                            "Condition": {}
                        }
                    ]
                }
            }
        },
        "PIDYAWSGLOBALJIT01": {
            "Type": "AWS::IAM::ManagedPolicy",
            "Properties": {
                "ManagedPolicyName": "PIDYAWSGLOBALJIT01",
                "PolicyDocument": {
                    "Statement": [
                        {
                            "Action": "iam:List*",
                            "Effect": "Allow",
                            "Resource": "*"
                        }
                    ],
                    "Version": "2012-10-17"
                },
                "Roles": [
                    {
                        "Ref": "RIDYAWSAWSGLOBALJIT01"
                    }
                ]
            }
        },
        "RIDYAWSRSSAWSJIT1": {
            "Type": "AWS::IAM::Role",
            "Properties": {
                "RoleName": "RIDY_AWS_RSS_AWSJIT1",
                "ManagedPolicyArns": [
                    "arn:aws:iam::aws:policy/ReadOnlyAccess"
                ],
                "AssumeRolePolicyDocument": {
                    "Version": "2012-10-17",
                    "Statement": [
                        {
                            "Effect": "Allow",
                            "Principal": {
                                "AWS": "arn:aws:iam::290804939824:role/RIDY_AWS_RSS_AWSJIT1"
                            },
                            "Action": "sts:AssumeRole",
                            "Condition": {}
                        }
                    ]
                }
            }
        },
        "PIDYAWSRSSAWSJIT1": {
            "Type": "AWS::IAM::ManagedPolicy",
            "Properties": {
                "ManagedPolicyName": "PIDYAWSRSSAWSJIT1",
                "PolicyDocument": {
                    "Statement": [
                        {
                            "Sid": "VisualEditor0",
                            "Effect": "Allow",
                            "Action": [
                                "s3:List*",
                                "s3:Get*",
                                "s3:Describe*"
                            ],
                            "Resource": "*"
                        },
                        {
                            "Sid": "VisualEditor5",
                            "Effect": "Allow",
                            "Action": [
                                "kms:Create*",
                                "kms:Describe*",
                                "kms:Enable*",
                                "kms:List*",
                                "kms:Put*",
                                "kms:Get*",
                                "kms:TagResource",
                                "tag:Get*"
                            ],
                            "Resource": "*"
                        },
                        {
                            "Effect": "Allow",
                            "Action": [
                                "iam:PassRole",
                                "iam:List*",
                                "iam:Get*"
                            ],
                            "Resource": "*"
                        },
                        {
                            "Sid": "VisualEditor6",
                            "Effect": "Allow",
                            "Action": [
                                "sns:*",
                                "logs:*",
                                "sqs:*",
                                "config:*"
                            ],
                            "Resource": "*"
                        },
                        {
                            "Sid": "VisualEditor7",
                            "Effect": "Allow",
                            "Action": [
                                "cloudwatch:Create*",
                                "cloudwatch:Associate*",
                                "cloudwatch:Describe*",
                                "cloudwatch:Get*",
                                "cloudwatch:Put*",
                                "cloudwatch:List*",
                                "cloudwatch:Tag*"
                            ],
                            "Resource": "arn:aws:cloudwatch:::*"
                        },
                        {
                            "Sid": "VisualEditor9",
                            "Effect": "Allow",
                            "Action": [
                                "cloudtrail:Describe*",
                                "cloudtrail:Get*",
                                "cloudtrail:List*",
                                "cloudtrail:Create*",
                                "cloudtrail:Delete*",
                                "cloudtrail:Lookup*",
                                "cloudtrail:Put*",
                                "cloudtrail:Update*",
                                "cloudtrail:Addtags",
                                "cloudtrail:Start*"
                            ],
                            "Resource": "*"
                        },
                        {
                            "Sid": "VisualEditor10",
                            "Effect": "Allow",
                            "Action": [
                                "cloudformation:Describe*",
                                "cloudformation:Get*",
                                "cloudformation:Create*",
                                "cloudformation:Update*",
                                "cloudformation:Validate*",
                                "cloudformation:Set*",
                                "cloudformation:List*",
                                "cloudformation:Import*",
                                "cloudformation:Delete*"
                            ],
                            "Resource": "arn:aws:cloudformation:*:*:stack/*"
                        },
                        {
                            "Sid": "VisualEditor11",
                            "Effect": "Allow",
                            "Action": [
                                "route53resolver:List*",
                                "route53resolver:Get*"
                            ],
                            "Resource": "*"
                        }
                    ],
                    "Version": "2012-10-17"
                },
                "Roles": [
                    {
                        "Ref": "RIDYAWSRSSAWSJIT1"
                    }
                ]
            }
        }
    },
    "Outputs": {
        "Role": {
            "Description": "Role Name",
            "Value": {
                "Ref": "RootRole1"
            }
        }
    }
}