{
	"gb": {
	  "regions": [
		"eu-west-1"			
	  ],
	  "stackset_name": "NVSGISGLB-IAM-RSSGB-PREWARMING",
	  "stackset_cft": "nvsgisglb_gb_stacksets_rss_iam_prewarming.json"
	},
	"pgb": {
	  "regions": [
		"eu-west-1"		
	  ],
	  "stackset_name": "NVSGISGLB-IAM-RSSPGB-PREWARMING",
	  "stackset_cft": "nvsgisglb_pgb_stacksets_rss_iam_prewarming.json"
	},
	"dev": {
	  "regions": [
	    "eu-west-1"
	  ],
	  "stackset_name": "NVSGISGLB-IAM-RSSDEV-PREWARMING",
	  "stackset_cft": "nvsgisglb_dev_stacksets_rss_iam_prewarming.json"
	  },
	"tst": {
	  "regions": [
		"eu-west-1"		
	  ],
	  "stackset_name": "NVSGISGLB-IAM-RSSTST-PREWARMING",
	  "stackset_cft": "nvsgisglb_tst_stacksets_rss_iam_prewarming.json"
	},
	"take_parameter": "false"
}
