{
  "AWSTemplateFormatVersion": "2010-09-09",
  "Description": "Cross Account Roles for RSS Account Automation",
  "Resources": {
    "RootRole1": {
      "Type": "AWS::IAM::Role",
      "Properties": {
        "RoleName": "RRCC_AWS_RSSADM",
        "ManagedPolicyArns": [
          "arn:aws:iam::aws:policy/ReadOnlyAccess"
        ],
        "AssumeRolePolicyDocument": {
          "Version": "2012-10-17",
          "Statement": [
            {
              "Effect": "Allow",
              "Principal": {
                "AWS": "arn:aws:iam::304512965277:role/RRCC_AWS_RSSADM"
              },
              "Action": "sts:AssumeRole"
            }
          ]
        }
      }
    },
    "PRCCAWSRSSADM": {
      "Type": "AWS::IAM::ManagedPolicy",
      "Properties": {
        "ManagedPolicyName": "PRCCAWSRSSADM",
        "PolicyDocument": {
          "Statement": [
            {
              "Action": [
                "cloudformation:CancelUpdateStack",
                "cloudformation:ContinueUpdateRollback",
                "cloudformation:Create*",
                "cloudformation:DeleteChangeSet",
                "cloudformation:DeleteStack",
                "cloudformation:Describe*",
                "cloudformation:EstimateTemplateCost",
                "cloudformation:ExecuteChangeSet",
                "cloudformation:Get*",
                "cloudformation:List*",
                "cloudformation:PreviewStackUpdate",
                "cloudformation:SetStackPolicy",
                "cloudformation:SignalResource",
                "cloudformation:UpdateStack",
                "cloudformation:UpdateTerminationProtection",
                "cloudformation:ValidateTemplate",
                "cloudtrail:AddTags",
                "cloudtrail:CreateTrail",
                "cloudtrail:DeleteTrail",
                "cloudtrail:Describe*",
                "cloudtrail:Get*",
                "cloudtrail:List*",
                "cloudtrail:LookupEvents",
                "cloudtrail:Put*",
                "cloudtrail:RemoveTags",
                "cloudtrail:StartLogging",
                "cloudtrail:StopLogging",
                "cloudtrail:UpdateTrail",
                "cloudwatch:DeleteAlarms",
                "cloudwatch:Describe*",
                "cloudwatch:EnableAlarmActions",
                "cloudwatch:Get*",
                "cloudwatch:List*",
                "cloudwatch:Put*",
                "cloudwatch:Set*",
                "config:*",
                "ec2:AcceptVpcEndpointConnections",
                "ec2:AcceptVpcPeeringConnection",
                "ec2:AllocateAddress",
                "ec2:AssignPrivateIpAddresses",
                "ec2:AssociateAddress",
                "ec2:AssociateDhcpOptions",
                "ec2:AssociateRouteTable",
                "ec2:AssociateSubnetCidrBlock",
                "ec2:AssociateVpcCidrBlock",
                "ec2:AttachInternetGateway",
                "ec2:AttachNetworkInterface",
                "ec2:AttachVpnGateway",
                "ec2:AuthorizeSecurityGroupEgress",
                "ec2:AuthorizeSecurityGroupIngress",
                "ec2:Cancel*",
                "ec2:CopyImage",
                "ec2:CopySnapshot",
                "ec2:Create*",
                "ec2:Delete*",
                "ec2:Describe*",
                "ec2:Detach*",
                "ec2:Disassociate*",
                "ec2:Enable*",
                "ec2:Get*",
                "ec2:ImportKeyPair",
                "ec2:Modify*",
                "ec2:ReplaceRoute",
                "ec2:ReplaceRouteTableAssociation",
                "ec2:RevokeSecurityGroupEgress",
                "ec2:RevokeSecurityGroupIngress",
                "ec2:UnassignPrivateIpAddresses",
                "ec2:UpdateSecurityGroupRuleDescriptionsEgress",
                "ec2:UpdateSecurityGroupRuleDescriptionsIngress",
                "elasticloadbalancing:*",
                "events:*",
                "iam:AddRoleToInstanceProfile",
                "iam:AttachRolePolicy",
                "iam:AttachUserPolicy",
                "iam:CreateAccessKey",
                "iam:CreateAccountAlias",
                "iam:CreateInstanceProfile",
                "iam:CreateLoginProfile",
                "iam:CreatePolicy",
                "iam:CreatePolicyVersion",
                "iam:CreateRole",
                "iam:CreateSAMLProvider",
                "iam:CreateServiceLinkedRole",
                "iam:CreateUser",
                "iam:DeleteAccountPasswordPolicy",
                "iam:DeleteInstanceProfile",
                "iam:DeletePolicy",
                "iam:DeletePolicyVersion",
                "iam:DeleteRole",
                "iam:DeleteRolePolicy",
                "iam:DeleteSAMLProvider",
                "iam:DetachRolePolicy",
                "iam:GenerateCredentialReport",
                "iam:Get*",
                "iam:List*",
                "iam:PassRole",
                "iam:PutRolePolicy",
                "iam:RemoveRoleFromInstanceProfile",
                "iam:SetDefaultPolicyVersion",
                "iam:Tag*",
                "iam:Update*",
                "iam:UpdateAccountPasswordPolicy",
                "iam:UpdateAssumeRolePolicy",
                "kms:CancelKeyDeletion",
                "kms:Create*",
                "kms:Delete*",
                "kms:Describe*",
                "kms:EnableKeyRotation",
                "kms:Generate*",
                "kms:Get*",
                "kms:List*",
                "kms:PutKeyPolicy",
                "kms:Tag*",
                "kms:UntagResource",
                "kms:UpdateAlias",
                "lambda:*",
                "logs:AssociateKmsKey",
                "logs:CancelExportTask",
                "logs:Create*",
                "logs:Delete*",
                "logs:Describe*",
                "logs:FilterLogEvents",
                "logs:GetLogEvents",
                "logs:ListTagsLogGroup",
                "logs:Put*",
                "logs:TagLogGroup",
                "logs:TestMetricFilter",
                "logs:UntagLogGroup",
                "ram:Accept*",
                "ram:AssociateResource*",
                "ram:DiassociateResource*",
                "ram:Get*",
                "ram:List*",
                "ram:Tag*",
                "rds:AddTagsToResource",
                "rds:AuthorizeDBSecurityGroupIngress",
                "rds:CopyDBParameterGroup",
                "rds:CopyOptionGroup",
                "rds:Create*",
                "rds:CreateDBClusterParameterGroup",
                "rds:CreateDBSecurityGroup",
                "rds:CreateDBSubnetGroup",
                "rds:CreateOptionGroup",
                "rds:DeleteDBClusterParameterGroup",
                "rds:DeleteDBParameterGroup",
                "rds:DeleteDBSecurityGroup",
                "rds:DeleteDBSubnetGroup",
                "rds:DeleteOptionGroup",
                "rds:Describe*",
                "rds:List*",
                "rds:Modify*",
                "rds:RemoveTagsFromResource",
                "route53:AssociateVPCWithHostedZone",
                "route53resolver:*",
                "s3:AbortMultipartUpload",
                "s3:CreateBucket",
                "s3:DeleteBucket",
                "s3:DeleteBucketPolicy",
                "s3:DeleteBucketWebsite",
                "s3:Get*",
                "s3:HeadBucket",
                "s3:List*",
                "s3:Put*",
                "s3:ReplicateTags",
                "servicecatalog:*",
                "sns:ConfirmSubscription",
                "sns:Create*",
                "sns:Delete*",
                "sns:Get*",
                "sns:List*",
                "sns:Publish",
                "sns:RemovePermission",
                "sns:Set*",
                "sns:Subscribe",
                "sns:Tag*",
                "sns:Unsubscribe",
                "sns:Untag*",
                "tag:*"
              ],
              "Effect": "Allow",
              "Resource": "*"
            }
          ],
          "Version": "2012-10-17"
        },
        "Roles": [
          {
            "Ref": "RootRole1"
          }
        ]
      }
    },
    "AutomationRole1": {
      "Type": "AWS::IAM::Role",
      "Properties": {
        "RoleName": "RRCC_AWS_RSS_ADM",
        "AssumeRolePolicyDocument": {
          "Version": "2012-10-17",
          "Statement": [
            {
              "Effect": "Allow",
              "Principal": {
                "AWS": "arn:aws:iam::304512965277:role/RRCC_AWS_RSS_ADM"
              },
              "Action": "sts:AssumeRole"
            }
          ]
        }
      }
    },
    "PRCCAWSRSSADM01": {
      "Type": "AWS::IAM::ManagedPolicy",
      "Properties": {
        "ManagedPolicyName": "PRCCAWSRSSADM01",
        "PolicyDocument": {
          "Statement": [
            {
              "Action": [
                "cloudformation:CancelUpdateStack",
                "cloudformation:ContinueUpdateRollback",
                "cloudformation:Create*",
                "cloudformation:DeleteChangeSet",
                "cloudformation:DeleteStack",
                "cloudformation:Describe*",
                "cloudformation:EstimateTemplateCost",
                "cloudformation:ExecuteChangeSet",
                "cloudformation:Get*",
                "cloudformation:List*",
                "cloudformation:PreviewStackUpdate",
                "cloudformation:SetStackPolicy",
                "cloudformation:SignalResource",
                "cloudformation:UpdateStack",
                "cloudformation:UpdateTerminationProtection",
                "cloudformation:ValidateTemplate",
                "cloudtrail:AddTags",
                "cloudtrail:CreateTrail",
                "cloudtrail:DeleteTrail",
                "cloudtrail:Describe*",
                "cloudtrail:Get*",
                "cloudtrail:List*",
                "cloudtrail:LookupEvents",
                "cloudtrail:Put*",
                "cloudtrail:RemoveTags",
                "cloudtrail:StartLogging",
                "cloudtrail:StopLogging",
                "cloudtrail:UpdateTrail",
                "cloudwatch:DeleteAlarms",
                "cloudwatch:Describe*",
                "cloudwatch:EnableAlarmActions",
                "cloudwatch:Get*",
                "cloudwatch:List*",
                "cloudwatch:Put*",
                "cloudwatch:Set*",
                "config:*",
                "ec2:AcceptVpcEndpointConnections",
                "ec2:AcceptVpcPeeringConnection",
                "ec2:AllocateAddress",
                "ec2:AssignPrivateIpAddresses",
                "ec2:AssociateAddress",
                "ec2:AssociateDhcpOptions",
                "ec2:AssociateRouteTable",
                "ec2:AssociateSubnetCidrBlock",
                "ec2:AssociateVpcCidrBlock",
                "ec2:AttachInternetGateway",
                "ec2:AttachNetworkInterface",
                "ec2:AttachVpnGateway",
                "ec2:AuthorizeSecurityGroupEgress",
                "ec2:AuthorizeSecurityGroupIngress",
                "ec2:Cancel*",
                "ec2:CopyImage",
                "ec2:CopySnapshot",
                "ec2:Create*",
                "ec2:Delete*",
                "ec2:Describe*",
                "ec2:Detach*",
                "ec2:Disassociate*",
                "ec2:Enable*",
                "ec2:Get*",
                "ec2:ImportKeyPair",
                "ec2:Modify*",
                "ec2:ReplaceRoute",
                "ec2:ReplaceRouteTableAssociation",
                "ec2:RevokeSecurityGroupEgress",
                "ec2:RevokeSecurityGroupIngress",
                "ec2:UnassignPrivateIpAddresses",
                "ec2:UpdateSecurityGroupRuleDescriptionsEgress",
                "ec2:UpdateSecurityGroupRuleDescriptionsIngress",
                "elasticloadbalancing:*",
                "events:*",
                "iam:AddRoleToInstanceProfile",
                "iam:AttachRolePolicy",
                "iam:AttachUserPolicy",
                "iam:CreateAccessKey",
                "iam:CreateAccountAlias",
                "iam:CreateInstanceProfile",
                "iam:CreateLoginProfile",
                "iam:CreatePolicy",
                "iam:CreatePolicyVersion",
                "iam:CreateRole",
                "iam:CreateSAMLProvider",
                "iam:CreateServiceLinkedRole",
                "iam:CreateUser",
                "iam:DeleteAccountPasswordPolicy",
                "iam:DeleteInstanceProfile",
                "iam:DeletePolicy",
                "iam:DeletePolicyVersion",
                "iam:DeleteRole",
                "iam:DeleteRolePolicy",
                "iam:DeleteSAMLProvider",
                "iam:DetachRolePolicy",
                "iam:GenerateCredentialReport",
                "iam:Get*",
                "iam:List*",
                "iam:PassRole",
                "iam:PutRolePolicy",
                "iam:RemoveRoleFromInstanceProfile",
                "iam:SetDefaultPolicyVersion",
                "iam:Tag*",
                "iam:Update*",
                "iam:UpdateAccountPasswordPolicy",
                "iam:UpdateAssumeRolePolicy",
                "kms:CancelKeyDeletion",
                "kms:Create*",
                "kms:Delete*",
                "kms:Describe*",
                "kms:EnableKeyRotation",
                "kms:Generate*",
                "kms:Get*",
                "kms:List*",
                "kms:PutKeyPolicy",
                "kms:Tag*",
                "kms:UntagResource",
                "kms:UpdateAlias",
                "lambda:*",
                "logs:AssociateKmsKey",
                "logs:CancelExportTask",
                "logs:Create*",
                "logs:Delete*",
                "logs:Describe*",
                "logs:FilterLogEvents",
                "logs:GetLogEvents",
                "logs:ListTagsLogGroup",
                "logs:Put*",
                "logs:TagLogGroup",
                "logs:TestMetricFilter",
                "logs:UntagLogGroup",
                "ram:Accept*",
                "ram:AssociateResource*",
                "ram:DiassociateResource*",
                "ram:Get*",
                "ram:List*",
                "ram:Tag*",
                "rds:AddTagsToResource",
                "rds:AuthorizeDBSecurityGroupIngress",
                "rds:CopyDBParameterGroup",
                "rds:CopyOptionGroup",
                "rds:Create*",
                "rds:CreateDBClusterParameterGroup",
                "rds:CreateDBSecurityGroup",
                "rds:CreateDBSubnetGroup",
                "rds:CreateOptionGroup",
                "rds:DeleteDBClusterParameterGroup",
                "rds:DeleteDBParameterGroup",
                "rds:DeleteDBSecurityGroup",
                "rds:DeleteDBSubnetGroup",
                "rds:DeleteOptionGroup",
                "rds:Describe*",
                "rds:List*",
                "rds:Modify*",
                "rds:RemoveTagsFromResource",
                "route53:AssociateVPCWithHostedZone",
                "route53resolver:*",
                "s3:AbortMultipartUpload",
                "s3:CreateBucket",
                "s3:DeleteBucket",
                "s3:DeleteBucketPolicy",
                "s3:DeleteBucketWebsite",
                "s3:Get*",
                "s3:HeadBucket",
                "s3:List*",
                "s3:Put*",
                "s3:ReplicateTags",
                "servicecatalog:*",
                "sns:ConfirmSubscription",
                "sns:Create*",
                "sns:Delete*",
                "sns:Get*",
                "sns:List*",
                "sns:Publish",
                "sns:RemovePermission",
                "sns:Set*",
                "sns:Subscribe",
                "sns:Tag*",
                "sns:Unsubscribe",
                "sns:Untag*",
                "tag:*"
              ],
              "Effect": "Allow",
              "Resource": "*"
            },
            {
              "Action": "ssm:PutParameter",
              "Resource": "arn:aws:ssm:*:*:parameter/NVS-*",
              "Effect": "Allow",
              "Sid": "VisualEditor2"
            }
          ],
          "Version": "2012-10-17"
        },
        "Roles": [
          {
            "Ref": "AutomationRole1"
          }
        ]
      }
    },
    "RCTRAWSCTRLGS": {
      "Type": "AWS::IAM::Role",
      "Properties": {
        "RoleName": "RCTR_AWS_CTRLGS",
        "AssumeRolePolicyDocument": {
          "Version": "2012-10-17",
          "Statement": [
            {
              "Sid": "",
              "Effect": "Allow",
              "Principal": {
                "Service": "cloudtrail.amazonaws.com"
              },
              "Action": "sts:AssumeRole"
            }
          ]
        }
      }
    },
    "PCTRAWSCTRLGS": {
      "Type": "AWS::IAM::ManagedPolicy",
      "Properties": {
        "ManagedPolicyName": "PCTRAWSCTRLGS",
        "PolicyDocument": {
          "Statement": [
            {
              "Effect": "Allow",
              "Action": [
                "logs:CancelExportTask",
                "logs:CreateExportTask",
                "logs:CreateLogGroup",
                "logs:CreateLogStream",
                "logs:DeleteDestination",
                "logs:DeleteLogGroup",
                "logs:DeleteLogStream",
                "logs:DeleteMetricFilter",
                "logs:DeleteRetentionPolicy",
                "logs:DeleteSubscriptionFilter",
                "logs:DescribeDestinations",
                "logs:DescribeExportTasks",
                "logs:DescribeLogGroups",
                "logs:DescribeLogStreams",
                "logs:DescribeMetricFilters",
                "logs:DescribeSubscriptionFilters",
                "logs:FilterLogEvents",
                "logs:GetLogEvents",
                "logs:PutDestination",
                "logs:PutDestinationPolicy",
                "logs:PutLogEvents",
                "logs:PutMetricFilter",
                "logs:PutRetentionPolicy",
                "logs:PutSubscriptionFilter",
                "logs:TestMetricFilter"
              ],
              "Resource": [
                "*"
              ]
            },
            {
              "Sid": "AWSCloudTrailPutLogEvents20141101",
              "Effect": "Allow",
              "Action": [
                "cloudtrail:CreateTrail",
                "cloudtrail:DeleteTrail",
                "cloudtrail:DescribeTrails",
                "cloudtrail:GetTrailStatus",
                "cloudtrail:LookupEvents",
                "cloudtrail:StartLogging",
                "cloudtrail:StopLogging",
                "cloudtrail:UpdateTrail"
              ],
              "Resource": [
                "*"
              ]
            }
          ],
          "Version": "2012-10-17"
        },
        "Roles": [
          {
            "Ref": "RCTRAWSCTRLGS"
          }
        ]
      }
    },
    "RRCCAWSIAMMASTER": {
      "Type": "AWS::IAM::Role",
      "Properties": {
        "RoleName": "RRCC_AWS_IAMMASTER",
        "AssumeRolePolicyDocument": {
          "Version": "2012-10-17",
          "Statement": [
            {
              "Effect": "Allow",
              "Principal": {
                "AWS": "arn:aws:iam::304512965277:role/RRCC_AWS_IAMMASTER"
              },
              "Action": "sts:AssumeRole"
            }
          ]
        }
      }
    },
    "PRCCAWSIAMMASTER": {
      "Type": "AWS::IAM::ManagedPolicy",
      "Properties": {
        "ManagedPolicyName": "PRCCAWSIAMMASTER",
        "PolicyDocument": {
          "Statement": [
            {
              "Effect": "Allow",
              "Action": [
                "iam:UpdateAssumeRolePolicy",
                "iam:DeactivateMFADevice",
                "iam:CreateServiceSpecificCredential",
                "iam:DeleteAccessKey",
                "iam:List*",
                "iam:DeleteGroup",
                "iam:GenerateServiceLastAccessedDetails",
                "iam:RemoveRoleFromInstanceProfile",
                "iam:UpdateGroup",
                "iam:CreateRole",
                "iam:AttachRolePolicy",
                "iam:PutRolePolicy",
                "iam:AddRoleToInstanceProfile",
                "iam:CreateLoginProfile",
                "iam:SimulateCustomPolicy",
                "iam:DetachRolePolicy",
                "iam:SimulatePrincipalPolicy",
                "iam:UploadSSHPublicKey",
                "iam:DetachGroupPolicy",
                "iam:DetachUserPolicy",
                "iam:ChangePassword",
                "iam:PutGroupPolicy",
                "iam:UpdateLoginProfile",
                "iam:UpdateServiceSpecificCredential",
                "iam:CreateGroup",
                "iam:DeleteUserPolicy",
                "iam:AttachUserPolicy",
                "iam:DeleteRole",
                "iam:UpdateRoleDescription",
                "iam:UpdateAccessKey",
                "iam:UpdateSSHPublicKey",
                "iam:DeleteServiceLinkedRole",
                "iam:CreateInstanceProfile",
                "iam:GenerateCredentialReport",
                "iam:UntagRole",
                "iam:TagRole",
                "iam:ResetServiceSpecificCredential",
                "iam:DeletePolicy",
                "iam:DeleteSSHPublicKey",
                "iam:CreateSAMLProvider",
                "iam:CreateVirtualMFADevice",
                "iam:CreateAccessKey",
                "iam:PassRole",
                "iam:Get*",
                "iam:AddUserToGroup",
                "iam:RemoveUserFromGroup",
                "iam:DeleteRolePolicy",
                "iam:EnableMFADevice",
                "iam:ResyncMFADevice",
                "iam:CreatePolicyVersion",
                "iam:UpdateSAMLProvider",
                "iam:DeleteLoginProfile",
                "iam:DeleteInstanceProfile",
                "iam:DeleteUser",
                "iam:CreatePolicy",
                "iam:CreateServiceLinkedRole",
                "iam:DeleteVirtualMFADevice",
                "iam:AttachGroupPolicy",
                "iam:PutUserPolicy",
                "iam:UpdateRole",
                "iam:DeleteGroupPolicy",
                "iam:DeleteServiceSpecificCredential",
                "iam:DeletePolicyVersion",
                "iam:DeleteSAMLProvider",
                "iam:SetDefaultPolicyVersion"
              ],
              "Resource": "*"
            }
          ],
          "Version": "2012-10-17"
        },
        "Roles": [
          {
            "Ref": "RRCCAWSIAMMASTER"
          }
        ]
      }
    },
    "RRCCAWSQUALYSCONN": {
      "Type": "AWS::IAM::Role",
      "Properties": {
        "RoleName": "RRCC_AWS_QUALYSCONN",
        "AssumeRolePolicyDocument": {
          "Version": "2012-10-17",
          "Statement": [
            {
              "Sid": "",
              "Effect": "Allow",
              "Principal": {
                "AWS": "arn:aws:iam::805950163170:root"
              },
              "Action": "sts:AssumeRole",
              "Condition": {
                "StringEquals": {
                  "sts:ExternalId": "100800000000001"
                }
              }
            }
          ]
        }
      }
    },
    "PRCCAWSQUALYSCONN": {
      "Type": "AWS::IAM::ManagedPolicy",
      "Properties": {
        "ManagedPolicyName": "PRCCAWSQUALYSCONN",
        "PolicyDocument": {
          "Statement": [
            {
              "Action": [
                "ec2:DescribeAddresses",
                "ec2:DescribeImages",
                "ec2:DescribeInstances"
              ],
              "Effect": "Allow",
              "Resource": "*"
            }
          ],
          "Version": "2012-10-17"
        },
        "Roles": [
          {
            "Ref": "RRCCAWSQUALYSCONN"
          }
        ]
      }
    },
    "RRCCAWSINVENTORY": {
      "Type": "AWS::IAM::Role",
      "Properties": {
        "RoleName": "RRCC_AWS_INVENTORY",
        "ManagedPolicyArns": [
          "arn:aws:iam::aws:policy/ReadOnlyAccess"
        ],
        "AssumeRolePolicyDocument": {
          "Version": "2012-10-17",
          "Statement": [
            {
              "Effect": "Allow",
              "Principal": {
                "AWS": [
                  "arn:aws:iam::304512965277:role/RRCC_AWS_JENKINSUSRSERVER",
                  "arn:aws:iam::304512965277:role/RRCC_AWS_CLOUDNOW_API",
                  "arn:aws:iam::304512965277:role/RRCC_AWS_INVENTORY"
                ]
              },
              "Action": "sts:AssumeRole",
              "Condition": {
                
              }
            }
          ]
        }
      }
    }
  },
  "Outputs": {
    "Role": {
      "Description": "Role Name",
      "Value": {
        "Ref": "RootRole1"
      }
    }
  }
}
