{
	"gb": {
	  "regions": [
		"cn-north-1"			
	  ],
	  "stackset_name": "NVSGISGLB-IAM-RDRAGB-PREWARMING",
	  "stackset_cft": "nvsgisglb_gb_stacksets_rdra_iam_prewarming.json"
	},
	"pgb": {
	  "regions": [
		"cn-north-1"		
	  ],
	  "stackset_name": "NVSGISGLB-IAM-RDRAPGB-PREWARMING",
	  "stackset_cft": "nvsgisglb_pgb_stacksets_rdra_iam_prewarming.json"
	},
	"dev": {
	  "regions": [
	    "cn-north-1"
	  ],
	  "stackset_name": "NVSGISGLB-IAM-RDRADEV-PREWARMING",
	  "stackset_cft": "nvsgisglb_dev_stacksets_rdra_iam_prewarming.json"
	  },
	"tst": {
	  "regions": [
		"cn-north-1"		
	  ],
	  "stackset_name": "NVSGISGLB-IAM-RDRATST-PREWARMING",
	  "stackset_cft": "nvsgisglb_tst_stacksets_rdra_iam_prewarming.json"
	},
	"take_parameter": "false"
}
