{
	"gb": {
	  "regions": [
		"eu-west-1"			
	  ],
	  "stackset_name": "NVSGISGLB-IAM-RDMAGB-PREWARMING",
	  "stackset_cft": "nvsgisglb_gb_stacksets_rdma_iam_prewarming.json"
	},
	"pgb": {
	  "regions": [
		"eu-west-1"		
	  ],
	  "stackset_name": "NVSGISGLB-IAM-RDMAPGB-PREWARMING",
	  "stackset_cft": "nvsgisglb_pgb_stacksets_rdma_iam_prewarming.json"
	},
	"dev": {
	  "regions": [
	    "eu-west-1"
	  ],
	  "stackset_name": "NVSGISGLB-IAM-RDMADEV-PREWARMING",
	  "stackset_cft": "nvsgisglb_dev_stacksets_rdma_iam_prewarming.json"
	  },
	  "tst": {
		"regions": [
		  "eu-west-1"		
		],
		"stackset_name": "NVSGISGLB-IAM-RDMATST-PREWARMING",
		"stackset_cft": "nvsgisglb_tst_stacksets_rdma_iam_prewarming.json"
	  },
	"take_parameter": "false"
}
